,answer_set,num_answers,answer_set_size
0,,1,0
1,0 - Scotland will definitely choose to stay in UK|1.0|2.0|3.0|4.0|5.0|6.0|7.0|8.0|9.0|10.0|11.0|12.0|13.0|14.0|15.0|16.0|17.0|18.0|19.0|20.0|21.0|22.0|23.0|24.0|25.0|26.0|27.0|28.0|29.0|30.0|31.0|32.0|33.0|34.0|35.0|36.0|37.0|38.0|39.0|40.0|41.0|42.0|43.0|44.0|45.0|46.0|47.0|48.0|49.0|50.0|51.0|52.0|53.0|54.0|55.0|56.0|57.0|58.0|59.0|60.0|61.0|62.0|63.0|64.0|65.0|66.0|67.0|68.0|69.0|70.0|71.0|72.0|73.0|74.0|75.0|76.0|77.0|78.0|79.0|80.0|81.0|82.0|83.0|84.0|85.0|86.0|87.0|88.0|89.0|90.0|91.0|92.0|93.0|94.0|95.0|96.0|97.0|98.0|99.0|100 - Scotland will definitely choose independence,101,586
2,0 - UK will definitely vote to remain in the EU|1.0|2.0|3.0|4.0|5.0|6.0|7.0|8.0|9.0|10.0|11.0|12.0|13.0|14.0|15.0|16.0|17.0|18.0|19.0|20.0|21.0|22.0|23.0|24.0|25.0|26.0|27.0|28.0|29.0|30.0|31.0|32.0|33.0|34.0|35.0|36.0|37.0|38.0|39.0|40.0|41.0|42.0|43.0|44.0|45.0|46.0|47.0|48.0|49.0|50.0|51.0|52.0|53.0|54.0|55.0|56.0|57.0|58.0|59.0|60.0|61.0|62.0|63.0|64.0|65.0|66.0|67.0|68.0|69.0|70.0|71.0|72.0|73.0|74.0|75.0|76.0|77.0|78.0|79.0|80.0|81.0|82.0|83.0|84.0|85.0|86.0|87.0|88.0|89.0|90.0|91.0|92.0|93.0|94.0|95.0|96.0|97.0|98.0|100 - UK will definitely vote to leave the EU,100,574
3,0 - Very unlikely to win|1.0|2.0|3.0|4.0|5.0|6.0|7.0|8.0|9.0|10.0|11.0|12.0|13.0|14.0|15.0|16.0|17.0|18.0|19.0|20.0|21.0|22.0|23.0|24.0|25.0|26.0|27.0|28.0|29.0|30.0|31.0|32.0|33.0|34.0|35.0|36.0|37.0|38.0|39.0|40.0|41.0|42.0|43.0|44.0|45.0|46.0|47.0|48.0|49.0|50.0|51.0|52.0|53.0|54.0|55.0|56.0|57.0|58.0|59.0|60.0|61.0|62.0|63.0|64.0|65.0|66.0|67.0|68.0|69.0|70.0|71.0|72.0|73.0|74.0|75.0|76.0|77.0|78.0|79.0|80.0|81.0|82.0|83.0|84.0|85.0|86.0|87.0|88.0|89.0|90.0|91.0|92.0|93.0|94.0|95.0|96.0|97.0|98.0|100 - Very likely to win,100,530
4,0 Not at all important|1.0|2.0|3.0|4.0|5.0|6.0|7.0|8.0|9.0|10- Very important,11,77
5,0 days|1 day|2 days|3 days|4 days|5 days|6 days|7 days,8,54
6,0- Very unlikely|1.0|2.0|3.0|4.0|5.0|6.0|7.0|8.0|9.0|10 - Very likely,11,69
7,0.0|1.0|2.0|3.0|4.0|5.0|20.0|23.0|32.0|34.0|40.0|50.0|60.0|100.0|110.0|112.0|120.0|124.0|134.0|150.0|156.0|160.0|180.0|200.0|230.0|240.0|250.0|260.0|280.0|290.0|300.0|310.0|340.0|350.0|375.0|400.0|440.0|450.0|460.0|480.0|500.0|520.0|545.0|550.0|560.0|580.0|600.0|620.0|640.0|650.0|700.0|708.0|720.0|740.0|750.0|800.0|840.0|850.0|880.0|900.0|950.0|1000.0|1008.0|1040.0|1100.0|1190.0|1200.0|1209.0|1250.0|1300.0|1340.0|1350.0|1360.0|1400.0|1450.0|1500.0|1520.0|1555.0|1600.0|1650.0|1700.0|1750.0|1800.0|1900.0|2000.0|2083.0|2100.0|2200.0|2250.0|2300.0|2400.0|2500.0|2555.0|2600.0|2700.0|2800.0|3000.0|3500.0|4000.0|4500.0|5000.0|6000.0|7000.0|8000.0|10000.0|12000.0|14000.0|15000.0|16000.0|18000.0|20000.0|21000.0|22000.0|25000.0|28000.0|30000.0|35000.0|50000.0,118,759
8,0.0|1.0|2.0|3.0|4.0|5.0|6 or more,7,33
9,0.0|1.0|2.0|3.0|4.0|5.0|6.0|7.0|8.0|9.0|10.0|11.0|12.0|13.0|14.0|15.0|16.0|17.0|18.0|19.0|20.0|21.0|22.0|23.0|24.0|25.0|26.0|27.0|28.0|29.0|30.0|31.0|32.0|33.0|34.0|35.0|36.0|37.0|38.0|39.0|40.0|41.0|42.0|43.0|44.0|45.0|46.0|47.0|48.0|49.0|50.0|51.0|52.0|53.0|54.0|55.0|56.0|57.0|58.0|59.0|60.0|61.0|62.0|63.0|64.0|65.0|66.0|67.0|68.0|69.0|70.0|71.0|72.0|73.0|74.0|75.0|76.0|77.0|78.0|79.0|80.0|81.0|82.0|83.0|84.0|85.0|86.0|87.0|88.0|89.0|90.0|91.0|92.0|93.0|94.0|95.0|96.0|97.0|98.0|100.0,100,490
10,0.0|1.0|2.0|3.0|4.0|5.0|6.0|7.0|8.0|9.0|10.0|11.0|12.0|13.0|14.0|15.0|16.0|17.0|18.0|19.0|20.0|21.0|22.0|23.0|24.0|25.0|26.0|27.0|28.0|29.0|30.0|31.0|32.0|33.0|34.0|35.0|36.0|37.0|38.0|39.0|40.0|41.0|42.0|43.0|44.0|45.0|46.0|47.0|48.0|49.0|50.0|51.0|52.0|53.0|54.0|55.0|56.0|57.0|58.0|59.0|60.0|61.0|62.0|63.0|64.0|65.0|66.0|67.0|68.0|69.0|70.0|71.0|72.0|73.0|74.0|75.0|76.0|77.0|78.0|79.0|80.0|81.0|82.0|83.0|84.0|85.0|86.0|87.0|88.0|89.0|90.0|91.0|92.0|93.0|94.0|95.0|96.0|97.0|98.0|99.0|100.0,101,495
11,0.0|1.0|2.0|3.0|4.0|5.0|6.0|7.0|8.0|9.0|10.0|11.0|12.0|13.0|14.0|15.0|16.0|17.0|18.0|19.0|20.0|21.0|22.0|23.0|24.0|25.0|26.0|27.0|28.0|29.0|30.0|31.0|32.0|33.0|34.0|35.0|36.0|37.0|38.0|39.0|40.0|41.0|42.0|43.0|44.0|45.0|46.0|47.0|48.0|49.0|50.0|51.0|52.0|53.0|54.0|55.0|56.0|57.0|58.0|59.0|60.0|61.0|62.0|63.0|64.0|65.0|66.0|67.0|68.0|69.0|70.0|71.0|72.0|73.0|74.0|75.0|76.0|77.0|78.0|79.0|80.0|81.0|82.0|83.0|84.0|85.0|86.0|87.0|88.0|89.0|90.0|91.0|92.0|93.0|94.0|95.0|96.0|99.0|100.0,99,485
12,0.0|1.0|2.0|3.0|4.0|5.0|6.0|7.0|8.0|9.0|10.0|11.0|12.0|13.0|14.0|15.0|16.0|17.0|18.0|19.0|20.0|21.0|22.0|23.0|24.0|25.0|26.0|27.0|28.0|29.0|30.0|31.0|32.0|33.0|34.0|35.0|36.0|37.0|38.0|39.0|40.0|41.0|42.0|43.0|44.0|45.0|46.0|47.0|48.0|49.0|50.0|52.0|53.0|54.0|55.0|56.0|57.0|58.0|59.0|60.0|62.0|63.0|65.0|66.0|67.0|68.0|69.0|70.0|74.0|75.0|76.0|77.0|78.0|79.0|80.0|82.0|85.0|87.0|88.0|89.0|90.0|95.0|96.0|97.0|98.0|99.0|100.0,87,425
13,0.0|1.0|2.0|3.0|4.0|5.0|6.0|7.0|8.0|9.0|10.0|11.0|12.0|13.0|14.0|15.0|16.0|17.0|18.0|19.0|20.0|21.0|22.0|23.0|24.0|25.0|26.0|27.0|28.0|29.0|30.0|31.0|32.0|33.0|34.0|35.0|36.0|37.0|38.0|39.0|40.0|41.0|42.0|43.0|44.0|45.0|46.0|47.0|48.0|49.0|50.0|52.0|54.0|55.0|56.0|57.0|58.0|59.0|60.0|62.0|64.0|65.0|67.0|68.0|69.0|70.0|73.0|74.0|75.0|76.0|77.0|78.0|79.0|80.0|85.0|86.0|87.0|88.0|89.0|90.0|91.0|92.0|93.0|94.0|95.0|98.0|99.0|100.0,88,430
14,0.0|10.0|12.0|14.0|22.0|25.0|43.0|50.0|60.0|80.0|82.0|84.0|85.0|100.0|120.0|125.0|130.0|137.0|140.0|148.0|150.0|160.0|175.0|180.0|200.0|220.0|225.0|230.0|240.0|242.0|250.0|260.0|275.0|280.0|285.0|300.0|320.0|336.0|350.0|360.0|370.0|400.0|420.0|450.0|455.0|475.0|480.0|500.0|520.0|540.0|550.0|570.0|580.0|600.0|640.0|650.0|687.0|690.0|700.0|720.0|750.0|758.0|780.0|800.0|840.0|850.0|870.0|890.0|900.0|920.0|950.0|1000.0|1009.0|1020.0|1050.0|1080.0|1100.0|1105.0|1120.0|1180.0|1200.0|1222.0|1250.0|1300.0|1350.0|1400.0|1500.0|1550.0|1600.0|1650.0|1666.0|1700.0|1750.0|1800.0|1850.0|1875.0|1900.0|2000.0|2100.0|2150.0|2162.0|2200.0|2250.0|2300.0|2350.0|2400.0|2500.0|2600.0|2800.0|3000.0|3100.0|3500.0|4000.0|4500.0|5000.0|6000.0|7000.0|7500.0|8000.0|10000.0|11250.0|12000.0|13000.0|14000.0|15000.0|18000.0|19000.0|20000.0|22000.0|24000.0|25000.0|26000.0|29000.0|35000.0|40000.0|50000.0,136,883
15,0.0|10.0|20.0|50.0|80.0|100.0|120.0|130.0|136.0|140.0|150.0|160.0|165.0|180.0|200.0|208.0|210.0|225.0|230.0|240.0|250.0|251.0|261.0|275.0|280.0|290.0|300.0|320.0|350.0|360.0|400.0|425.0|440.0|450.0|490.0|500.0|520.0|550.0|560.0|580.0|600.0|610.0|640.0|650.0|680.0|700.0|750.0|756.0|760.0|780.0|800.0|840.0|850.0|880.0|900.0|950.0|960.0|1000.0|1050.0|1100.0|1150.0|1200.0|1230.0|1250.0|1252.0|1290.0|1300.0|1350.0|1400.0|1458.0|1500.0|1550.0|1565.0|1599.0|1600.0|1650.0|1700.0|1750.0|1800.0|1850.0|1890.0|1900.0|2000.0|2100.0|2166.0|2200.0|2250.0|2300.0|2400.0|2500.0|2700.0|2750.0|2800.0|2850.0|3000.0|3500.0|3600.0|4000.0|5000.0|6000.0|8000.0|10000.0|11000.0|12000.0|15000.0|16000.0|18000.0|20000.0|21000.0|22000.0|23000.0|24000.0|25000.0|26000.0|28000.0|30000.0|37000.0|40000.0|100000.0,119,788
16,0.0|2.0|8.0|25.0|50.0|85.0|90.0|100.0|120.0|140.0|150.0|156.0|160.0|175.0|200.0|220.0|235.0|240.0|250.0|255.0|270.0|275.0|280.0|300.0|350.0|360.0|370.0|400.0|450.0|460.0|480.0|500.0|530.0|536.0|550.0|555.0|560.0|600.0|648.0|650.0|680.0|700.0|720.0|750.0|780.0|800.0|840.0|850.0|900.0|920.0|950.0|995.0|999.0|1000.0|1050.0|1090.0|1100.0|1200.0|1240.0|1250.0|1259.0|1300.0|1350.0|1400.0|1450.0|1500.0|1600.0|1660.0|1670.0|1700.0|1750.0|1800.0|1850.0|1900.0|1950.0|2000.0|2080.0|2100.0|2166.0|2200.0|2225.0|2250.0|2299.0|2300.0|2350.0|2400.0|2424.0|2500.0|2600.0|2700.0|2750.0|2800.0|3000.0|3250.0|3500.0|3600.0|4000.0|4500.0|5000.0|6000.0|7000.0|8000.0|9000.0|10000.0|12000.0|12001.0|13000.0|14000.0|15000.0|16000.0|18000.0|18500.0|20000.0|21000.0|22090.0|23000.0|24000.0|25000.0|26000.0|27500.0|28000.0|30000.0|34000.0|40000.0|50000.0,125,833
17,0.0|4.0|14.0|18.0|23.0|24.0|25.0|40.0|50.0|60.0|74.0|100.0|120.0|130.0|150.0|175.0|200.0|220.0|240.0|250.0|260.0|275.0|300.0|309.0|330.0|350.0|360.0|375.0|399.0|400.0|405.0|450.0|480.0|500.0|550.0|600.0|650.0|666.0|700.0|750.0|780.0|790.0|800.0|850.0|860.0|900.0|950.0|1000.0|1009.0|1050.0|1085.0|1100.0|1150.0|1200.0|1240.0|1250.0|1300.0|1350.0|1400.0|1450.0|1500.0|1550.0|1590.0|1599.0|1600.0|1650.0|1667.0|1670.0|1700.0|1750.0|1800.0|1850.0|1900.0|2000.0|2050.0|2100.0|2200.0|2222.0|2250.0|2300.0|2360.0|2400.0|2500.0|2600.0|2666.0|2700.0|2750.0|2800.0|2900.0|3000.0|3200.0|3250.0|3500.0|4000.0|4200.0|4250.0|4500.0|5000.0|5500.0|6000.0|8000.0|10000.0|12000.0|15000.0|15002.0|16000.0|18000.0|18500.0|19000.0|19500.0|20000.0|21000.0|22000.0|23000.0|24000.0|25000.0|26000.0|27000.0|30000.0|32000.0|35000.0|40000.0|45000.0|50000.0|60000.0|100000.0,126,847
18,0.0|4.0|14.0|20.0|23.0|24.0|30.0|43.0|90.0|100.0|104.0|150.0|200.0|250.0|275.0|300.0|350.0|400.0|450.0|500.0|550.0|600.0|700.0|750.0|780.0|800.0|850.0|880.0|900.0|950.0|960.0|1000.0|1050.0|1100.0|1122.0|1200.0|1250.0|1299.0|1300.0|1320.0|1400.0|1450.0|1499.0|1500.0|1600.0|1666.0|1700.0|1733.0|1750.0|1800.0|1850.0|1900.0|2000.0|2100.0|2200.0|2250.0|2300.0|2400.0|2500.0|2509.0|2590.0|2600.0|2700.0|2750.0|2800.0|2900.0|3000.0|3100.0|3200.0|3250.0|3333.0|3400.0|3500.0|3600.0|3686.0|3725.0|3750.0|3800.0|4000.0|4100.0|4300.0|4500.0|4600.0|4720.0|4800.0|4850.0|5000.0|5500.0|6000.0|6500.0|6750.0|7000.0|7500.0|8000.0|9000.0|10000.0|12000.0|14500.0|15000.0|16000.0|18000.0|19000.0|20000.0|23000.0|24000.0|25000.0|26000.0|27000.0|28000.0|30000.0|35000.0|36000.0|38000.0|40000.0|40003.0|45000.0|50000.0|55000.0|60000.0|65000.0|70000.0|75000.0|80000.0|90000.0|100000.0,125,863
19,0.0|5.0|15.0|20.0|28.0|38.0|50.0|65.0|70.0|75.0|90.0|100.0|105.0|120.0|125.0|130.0|133.0|140.0|145.0|150.0|170.0|175.0|180.0|200.0|212.0|220.0|230.0|235.0|240.0|245.0|250.0|260.0|270.0|280.0|300.0|350.0|375.0|380.0|395.0|400.0|450.0|460.0|465.0|480.0|500.0|520.0|530.0|550.0|560.0|569.0|570.0|575.0|580.0|600.0|620.0|630.0|640.0|650.0|680.0|700.0|720.0|740.0|750.0|800.0|820.0|840.0|850.0|880.0|890.0|900.0|950.0|1000.0|1050.0|1100.0|1120.0|1150.0|1153.0|1188.0|1200.0|1250.0|1280.0|1300.0|1350.0|1400.0|1450.0|1500.0|1600.0|1612.0|1700.0|1750.0|1800.0|1850.0|1900.0|1950.0|2000.0|2083.0|2100.0|2150.0|2167.0|2200.0|2250.0|2300.0|2400.0|2500.0|2590.0|2600.0|2700.0|2750.0|2800.0|2900.0|3000.0|3500.0|4000.0|4500.0|5000.0|5500.0|6000.0|8000.0|10000.0|11000.0|12000.0|13000.0|14000.0|15000.0|16000.0|17500.0|18000.0|20000.0|23000.0|24000.0|25000.0|26000.0|26500.0|28000.0|38000.0|40000.0|43000.0|50000.0|100000.0,139,910
20,0.0|7.0|12.0|50.0|70.0|75.0|90.0|100.0|120.0|140.0|150.0|190.0|200.0|220.0|240.0|250.0|300.0|350.0|380.0|400.0|450.0|500.0|520.0|550.0|580.0|600.0|630.0|640.0|650.0|680.0|690.0|700.0|750.0|800.0|850.0|880.0|890.0|900.0|950.0|960.0|1000.0|1100.0|1200.0|1250.0|1300.0|1350.0|1400.0|1500.0|1550.0|1555.0|1600.0|1700.0|1750.0|1800.0|1850.0|1900.0|2000.0|2100.0|2200.0|2250.0|2300.0|2400.0|2500.0|2600.0|2700.0|2750.0|2800.0|2950.0|3000.0|3200.0|3500.0|3600.0|3700.0|4000.0|4500.0|5000.0|5500.0|6000.0|10000.0|12000.0|14000.0|15000.0|15002.0|16000.0|18000.0|18500.0|19000.0|20000.0|21000.0|22000.0|23000.0|24000.0|25000.0|26000.0|28000.0|30000.0|35000.0|36000.0|40000.0|50000.0,100,672
21,1 - Fear|2.0|3.0|4.0|5 - Hope,5,29
22,1 - Focused mainly on criticising other parties|2.0|3.0|4.0|5 - Focused mainly on putting forward their own policies and personalities,5,134
23,1 - Not at all Scottish|2.0|3.0|4.0|5.0|6.0|7 - Very strongly Scottish,7,70
24,1 to 24 employees|25 to 499 employees|500 or more employees,3,59
25,1- Downsides of leaving|2.0|3.0|4.0|5.0|6.0|7- Upsides of remaining,7,67
26,1- Downsides of remaining|2.0|3.0|4.0|5.0|6.0|7- Upsides of leaving,7,67
27,1.0,1,3
28,1.0|2.0,2,7
29,1.0|2.0|3.0|4.0|5.0|6.0|7.0|8 or more,8,37
30,1.0|2.0|5.0|12.0|100.0|125.0|150.0|160.0|200.0|250.0|280.0|300.0|350.0|400.0|450.0|500.0|550.0|588.0|600.0|650.0|660.0|700.0|750.0|800.0|850.0|900.0|950.0|1000.0|1050.0|1100.0|1200.0|1220.0|1250.0|1300.0|1350.0|1380.0|1400.0|1450.0|1460.0|1500.0|1590.0|1600.0|1650.0|1670.0|1700.0|1750.0|1800.0|1850.0|1900.0|1950.0|2000.0|2100.0|2200.0|2222.0|2250.0|2300.0|2400.0|2500.0|2550.0|2600.0|2750.0|2800.0|2850.0|2900.0|2916.0|3000.0|3200.0|3500.0|3600.0|3900.0|4000.0|4500.0|5000.0|6000.0|6500.0|7000.0|8000.0|8700.0|9950.0|10000.0|12000.0|12500.0|14000.0|15000.0|16000.0|17000.0|17500.0|18000.0|20000.0|20001.0|21000.0|22000.0|23000.0|24000.0|25000.0|26000.0|27000.0|28000.0|30000.0|35000.0|37000.0|40000.0|50000.0,103,710
31,1.0|Nothing,2,11
32,15 or under|16.0|17-18|19.0|20+|Still at school/Full time student,6,65
33,15.0|16.0|17.0|18.0|19.0|20.0|21.0|22.0|23.0|24.0|25.0|26.0|27.0|28.0|29.0|30.0|31.0|32.0|33.0|34.0|35.0|36.0|37.0|38.0|39.0|40.0|41.0|42.0|43.0|44.0|45.0|46.0|47.0|48.0|49.0|50.0|51.0|52.0|53.0|54.0|55.0|56.0|57.0|58.0|59.0|60.0|61.0|62.0|63.0|64.0|65.0|66.0|67.0|68.0|69.0|70.0|71.0|72.0|73.0|74.0|75.0|76.0|77.0|78.0|79.0|80.0|81.0|82.0|83.0|84.0|85.0|86.0|87.0|88.0|89.0|90.0|91.0|93.0|95.0|105.0,80,400
34,15.0|25.0|30.0|50.0|90.0|100.0|120.0|123.0|125.0|150.0|200.0|245.0|250.0|275.0|300.0|350.0|360.0|399.0|400.0|410.0|450.0|500.0|550.0|575.0|600.0|650.0|700.0|715.0|750.0|790.0|799.0|800.0|850.0|880.0|900.0|940.0|950.0|980.0|1000.0|1050.0|1072.0|1100.0|1152.0|1200.0|1250.0|1300.0|1333.0|1350.0|1400.0|1450.0|1500.0|1550.0|1600.0|1650.0|1666.0|1670.0|1700.0|1720.0|1750.0|1800.0|1900.0|1950.0|2000.0|2100.0|2200.0|2250.0|2300.0|2400.0|2500.0|2600.0|2700.0|2750.0|2800.0|2900.0|3000.0|3100.0|3400.0|3500.0|3600.0|3800.0|4000.0|4200.0|4500.0|5000.0|6000.0|7000.0|8000.0|10000.0|10500.0|12000.0|14000.0|15000.0|16000.0|17000.0|18000.0|20000.0|21000.0|22000.0|23000.0|24000.0|25000.0|26000.0|26500.0|28000.0|30000.0|35000.0|36000.0|38000.0|40000.0|43000.0|50000.0,111,757
35,18.0|19.0|20.0|21.0|22.0|23.0|24.0|25.0|26.0|27.0|28.0|29.0|30.0|31.0|32.0|33.0|34.0|35.0|36.0|37.0|38.0|39.0|40.0|41.0|42.0|43.0|44.0|45.0|46.0|47.0|48.0|49.0|50.0|51.0|52.0|53.0|54.0|55.0|56.0|57.0|58.0|59.0|60.0|61.0|62.0|63.0|64.0|65.0|66.0|67.0|68.0|69.0|70.0|71.0|72.0|73.0|74.0|75.0|76.0|77.0|78.0|79.0|80.0|81.0|82.0|83.0|84.0|85.0|86.0|87.0|88.0|89.0|90.0|91.0|95.0|97.0,76,379
36,18.0|19.0|20.0|21.0|22.0|23.0|24.0|25.0|26.0|27.0|28.0|29.0|30.0|31.0|32.0|33.0|34.0|35.0|36.0|37.0|38.0|39.0|40.0|41.0|42.0|43.0|44.0|45.0|46.0|47.0|48.0|49.0|50.0|51.0|52.0|53.0|54.0|55.0|56.0|57.0|58.0|59.0|60.0|61.0|62.0|63.0|64.0|65.0|66.0|67.0|68.0|69.0|70.0|71.0|72.0|73.0|74.0|75.0|76.0|77.0|78.0|79.0|80.0|81.0|82.0|83.0|84.0|85.0|86.0|87.0|88.0|89.0|90.0|91.0|96.0,75,374
37,2.0|3.0|8.0|10.0|30.0|105.0|130.0|165.0|200.0|300.0|350.0|375.0|400.0|450.0|500.0|600.0|650.0|700.0|750.0|800.0|850.0|900.0|1000.0|1100.0|1200.0|1300.0|1400.0|1500.0|1600.0|1700.0|1750.0|1800.0|1850.0|1900.0|1950.0|2000.0|2001.0|2083.0|2100.0|2200.0|2250.0|2300.0|2400.0|2500.0|2600.0|2700.0|2750.0|2800.0|2900.0|2999.0|3000.0|3100.0|3200.0|3250.0|3300.0|3350.0|3500.0|3600.0|3750.0|3800.0|4000.0|4200.0|4500.0|4800.0|5000.0|5500.0|6000.0|6500.0|6600.0|7000.0|7500.0|8000.0|8999.0|9000.0|9600.0|10000.0|12000.0|15000.0|17000.0|18000.0|20000.0|20001.0|23000.0|25000.0|26000.0|28000.0|30000.0|34000.0|35000.0|38000.0|40000.0|45000.0|46000.0|48000.0|50000.0|60000.0|65000.0|70000.0|80000.0|100000.0,100,695
38,28.0|50.0|70.0|100.0|133.0|140.0|150.0|200.0|215.0|250.0|300.0|340.0|350.0|380.0|400.0|450.0|500.0|550.0|600.0|650.0|700.0|750.0|775.0|800.0|850.0|890.0|900.0|1000.0|1100.0|1150.0|1200.0|1250.0|1300.0|1400.0|1500.0|1590.0|1600.0|1601.0|1700.0|1750.0|1790.0|1800.0|1850.0|1900.0|1950.0|2000.0|2099.0|2100.0|2200.0|2250.0|2300.0|2345.0|2400.0|2500.0|2550.0|2600.0|2700.0|2800.0|2900.0|3000.0|3200.0|3250.0|3400.0|3500.0|3600.0|3700.0|3750.0|3800.0|4000.0|4100.0|4500.0|4600.0|4800.0|5000.0|5200.0|5500.0|5800.0|5900.0|6000.0|6500.0|7000.0|7200.0|7500.0|8000.0|9000.0|9500.0|10000.0|12000.0|13000.0|14000.0|15000.0|18000.0|20000.0|21000.0|22000.0|23000.0|24000.0|25000.0|25002.0|26000.0|27500.0|28000.0|29000.0|30000.0|30001.0|35000.0|40000.0|40009.0|44000.0|45000.0|48000.0|50000.0|60000.0|70000.0|80000.0|90000.0|95000.0|100000.0,118,828
39,3.0|4.0|8.0|9.0|11.0|12.0|16.0|17.0|20.0|21.0|22.0|23.0|25.0|26.0|27.0|28.0|29.0|30.0|31.0|32.0|33.0|34.0|35.0|36.0|37.0|38.0|39.0|40.0|41.0|42.0|43.0|44.0|45.0|46.0|47.0|48.0|49.0|50.0|51.0|52.0|53.0|54.0|55.0|56.0|57.0|58.0|59.0|60.0|61.0|62.0|63.0|64.0|65.0|66.0|67.0|68.0|69.0|70.0|71.0|72.0|73.0|74.0|75.0|76.0|77.0|78.0|79.0|80.0|81.0|82.0|83.0|84.0|85.0|86.0|87.0|88.0|89.0|90.0|91.0|92.0|93.0|94.0|95.0|96.0|97.0|98.0|99.0|100% of people will vote,88,455
40,3.0|6.0|8.0|10.0|11.0|13.0|14.0|15.0|16.0|17.0|20.0|21.0|22.0|23.0|24.0|25.0|26.0|27.0|28.0|29.0|30.0|31.0|32.0|33.0|34.0|35.0|36.0|37.0|38.0|39.0|40.0|41.0|42.0|43.0|44.0|45.0|46.0|47.0|48.0|49.0|50.0|51.0|52.0|53.0|54.0|55.0|56.0|57.0|58.0|59.0|60.0|61.0|62.0|63.0|64.0|65.0|66.0|67.0|68.0|69.0|70.0|71.0|72.0|73.0|74.0|75.0|76.0|77.0|78.0|79.0|80.0|81.0|82.0|83.0|84.0|85.0|86.0|87.0|88.0|89.0|90.0|91.0|92.0|93.0|94.0|95.0|96.0|97.0|98.0|99.0|100% of people will vote,91,471
41,50.0|100.0|150.0|200.0|250.0|280.0|290.0|300.0|350.0|400.0|450.0|500.0|550.0|600.0|650.0|700.0|750.0|800.0|849.0|850.0|900.0|950.0|985.0|1000.0|1100.0|1150.0|1200.0|1250.0|1300.0|1350.0|1400.0|1500.0|1553.0|1600.0|1700.0|1750.0|1760.0|1800.0|1850.0|1900.0|2000.0|2100.0|2166.0|2200.0|2250.0|2300.0|2345.0|2400.0|2500.0|2509.0|2600.0|2700.0|2750.0|2800.0|2900.0|3000.0|3001.0|3200.0|3250.0|3400.0|3500.0|3600.0|3755.0|3800.0|4000.0|4166.0|4200.0|4500.0|4700.0|4800.0|5000.0|5500.0|6000.0|6400.0|7000.0|7200.0|7500.0|8000.0|8500.0|10000.0|14000.0|15000.0|18000.0|20000.0|24000.0|25000.0|26000.0|27000.0|28800.0|30000.0|32000.0|34000.0|35000.0|37000.0|40000.0|42000.0|45000.0|50000.0|60000.0|70000.0|80000.0|90000.0|100000.0,103,721
42,7.0|40.0|50.0|100.0|123.0|125.0|150.0|200.0|210.0|250.0|300.0|350.0|400.0|450.0|500.0|530.0|550.0|555.0|560.0|600.0|601.0|650.0|660.0|700.0|750.0|780.0|800.0|850.0|900.0|1000.0|1050.0|1100.0|1150.0|1200.0|1250.0|1300.0|1400.0|1450.0|1500.0|1550.0|1600.0|1650.0|1700.0|1750.0|1800.0|1900.0|2000.0|2025.0|2100.0|2167.0|2200.0|2250.0|2300.0|2400.0|2450.0|2500.0|2600.0|2700.0|2750.0|2790.0|2800.0|2850.0|3000.0|3200.0|3250.0|3300.0|3400.0|3500.0|3600.0|3700.0|3750.0|4000.0|4100.0|4200.0|4400.0|4500.0|4600.0|4800.0|5000.0|5200.0|5500.0|5700.0|5909.0|6000.0|6500.0|7000.0|7500.0|8000.0|8500.0|9000.0|10000.0|11000.0|12000.0|14000.0|15000.0|16000.0|18000.0|18008.0|20000.0|21000.0|25000.0|26000.0|30000.0|35000.0|36000.0|40000.0|45000.0|50000.0|55000.0|60000.0|65000.0|70000.0|75000.0|100000.0,114,789
43,9.0|18.0|50.0|100.0|150.0|170.0|200.0|220.0|230.0|250.0|295.0|300.0|350.0|360.0|400.0|450.0|500.0|560.0|600.0|650.0|700.0|750.0|783.0|800.0|820.0|850.0|884.0|890.0|900.0|950.0|970.0|1000.0|1100.0|1200.0|1250.0|1300.0|1330.0|1350.0|1400.0|1450.0|1500.0|1550.0|1590.0|1600.0|1650.0|1660.0|1683.0|1700.0|1750.0|1759.0|1800.0|1850.0|1890.0|1900.0|1950.0|2000.0|2009.0|2100.0|2200.0|2225.0|2300.0|2350.0|2400.0|2500.0|2600.0|2700.0|2750.0|2800.0|2900.0|3000.0|3055.0|3200.0|3250.0|3400.0|3500.0|3600.0|4000.0|4250.0|4500.0|5000.0|6000.0|8000.0|10000.0|11000.0|12000.0|13000.0|14000.0|15000.0|16500.0|17000.0|18000.0|20000.0|21000.0|22000.0|23000.0|24000.0|25000.0|26000.0|27000.0|28000.0|30000.0|40000.0|50000.0,103,706
44,A|B|C1|C2|D|E,6,13
45,A lot fewer|Slightly fewer|Same as currently|Slightly more|A lot more,5,69
46,A lot less|Somewhat less|About the same|Somewhat more|A lot more,5,64
47,A major transfer of powers from Westminster to the Scottish Parliament (devo-max)|Some powers will be transferred but well short of devo-max|No change to the relationship between Westminster and the Scottish Parliament,3,218
48,"Afghanistan|Albania|Algeria|American Samoa|Angola|Antigua and Barbuda|Argentina|Australia|Austria|Bahamas|Bahrain|Bangladesh|Barbados|Belgium|Bermuda|Bosnia and Herzegovina|Brazil|Belize|Brunei Darussalam|Bulgaria|Myanmar|Belarus|Cambodia|Cameroon|Canada|Cayman Islands|Sri Lanka|Chile|China|Taiwan, Province of China|Colombia|Congo|Croatia|Cuba|Cyprus|Czech Republic|Denmark|Dominica|Equatorial Guinea|Estonia|Faroe Islands|Falkland Islands (Malvinas)|Finland|France|Palestinian Territory, Occupied|Germany|Ghana|Gibraltar|Greece|Grenada|Guyana|Honduras|Hong Kong|Hungary|Iceland|India|Indonesia|Iran, Islamic Republic of|Iraq|Ireland|Israel|Italy|Jamaica|Japan|Kazakhstan|Kenya|Korea, Republic of|Kosovo|Kuwait|Lebanon|Latvia|Libya|Lithuania|Luxembourg|Malawi|Malaysia|Malta|Martinique|Mauritius|Mexico|Moldova, Republic of|Montenegro|Montserrat|Morocco|Mozambique|Nepal|Netherlands|Aruba|New Zealand|Niger|Nigeria|Norway|Pakistan|Paraguay|Peru|Philippines|Poland|Portugal|Qatar|Runion|Romania|Russian Federation|Saint Kitts and Nevis|Anguilla|Saint Lucia|Saint Vincent and the Grenadines|Serbia|Seychelles|Sierra Leone|Singapore|Slovakia|Viet Nam|South Africa|Zimbabwe|Spain|Sweden|Switzerland|Syrian Arab Republic|Thailand|Trinidad and Tobago|Turkey|Uganda|Ukraine|Egypt|United Kingdom|Guernsey|Jersey|Isle of Man|Tanzania, United Republic of|United States|Uruguay|Uzbekistan|Venezuela, Bolivarian Republic of|Zambia",134,1420
49,"Afghanistan|Albania|Antarctica|Algeria|American Samoa|Andorra|Antigua and Barbuda|Argentina|Australia|Austria|Bahamas|Bahrain|Bangladesh|Barbados|Belgium|Bosnia and Herzegovina|Botswana|Brazil|Belize|Brunei Darussalam|Bulgaria|Myanmar|Belarus|Canada|Cape Verde|Sri Lanka|Chile|China|Taiwan, Province of China|Colombia|Congo, the Democratic Republic of the|Costa Rica|Croatia|Cuba|Cyprus|Czech Republic|Denmark|Dominica|Estonia|Falkland Islands (Malvinas)|Finland|France|Georgia|Gambia|Palestinian Territory, Occupied|Germany|Ghana|Gibraltar|Greece|Greenland|Grenada|Guyana|Haiti|Honduras|Hong Kong|Hungary|India|Indonesia|Iran, Islamic Republic of|Iraq|Ireland|Israel|Italy|Jamaica|Japan|Kazakhstan|Jordan|Kenya|Korea, Republic of|Kosovo|Lebanon|Latvia|Libya|Lithuania|Luxembourg|Malawi|Malaysia|Maldives|Malta|Mauritius|Moldova, Republic of|Montserrat|Morocco|Mozambique|Nepal|Netherlands|New Zealand|Nigeria|Norway|Pakistan|Papua New Guinea|Philippines|Poland|Portugal|Romania|Russian Federation|Saint Kitts and Nevis|Saint Lucia|Saint Vincent and the Grenadines|Saudi Arabia|Serbia|Sierra Leone|Singapore|Slovakia|Viet Nam|Slovenia|Somalia|South Africa|Zimbabwe|Spain|Sudan|Sweden|Switzerland|Thailand|Trinidad and Tobago|United Arab Emirates|Turkey|Uganda|Ukraine|Macedonia, the former Yugoslav Republic of|Egypt|United Kingdom|Guernsey|Jersey|Tanzania, United Republic of|United States|Venezuela, Bolivarian Republic of|Yemen|Zambia",129,1437
50,"Aldershot|Aldridge-Brownhills|Altrincham and Sale West|Amber Valley|Arundel and South Downs|Ashfield|Ashford|Ashton-under-Lyne|Aylesbury|Banbury|Barking|Barnsley Central|Barnsley East|Barrow and Furness|Basildon and Billericay|Basingstoke|Bassetlaw|Bath|Batley and Spen|Battersea|Beaconsfield|Beckenham|Bedford|Bermondsey and Old Southwark|Berwick-upon-Tweed|Bethnal Green and Bow|Beverley and Holderness|Bexhill and Battle|Bexleyheath and Crayford|Birkenhead|Birmingham, Edgbaston|Birmingham, Erdington|Birmingham, Hall Green|Birmingham, Hodge Hill|Birmingham, Ladywood|Birmingham, Northfield|Birmingham, Perry Barr|Birmingham, Selly Oak|Birmingham, Yardley|Bishop Auckland|Blackburn|Blackley and Broughton|Blackpool North and Cleveleys|Blackpool South|Blaydon|Blyth Valley|Bognor Regis and Littlehampton|Bolsover|Bolton North East|Bolton South East|Bolton West|Bootle|Boston and Skegness|Bosworth|Bournemouth East|Bournemouth West|Bracknell|Bradford East|Bradford South|Bradford West|Braintree|Brent Central|Brent North|Brentford and Isleworth|Brentwood and Ongar|Bridgwater and West Somerset|Brigg and Goole|Brighton, Kemptown|Brighton, Pavilion|Bristol East|Bristol North West|Bristol South|Bristol West|Broadland|Bromley and Chislehurst|Bromsgrove|Broxbourne|Broxtowe|Buckingham|Burnley|Burton|Bury North|Bury South|Bury St Edmunds|Calder Valley|Camberwell and Peckham|Camborne and Redruth|Cambridge|Cannock Chase|Canterbury|Carlisle|Carshalton and Wallington|Castle Point|Central Devon|Central Suffolk and North Ipswich|Charnwood|Chatham and Aylesford|Cheadle|Chelmsford|Chelsea and Fulham|Cheltenham|Chesham and Amersham|Chesterfield|Chichester|Chingford and Woodford Green|Chippenham|Chipping Barnet|Chorley|Christchurch|Cities of London and Westminster|City of Chester|City of Durham|Clacton|Cleethorpes|Colchester|Colne Valley|Congleton|Copeland|Corby|Coventry North East|Coventry North West|Coventry South|Crawley|Crewe and Nantwich|Croydon Central|Croydon North|Croydon South|Dagenham and Rainham|Darlington|Dartford|Daventry|Denton and Reddish|Derby North|Derby South|Derbyshire Dales|Devizes|Dewsbury|Don Valley|Doncaster Central|Doncaster North|Dover|Dudley North|Dudley South|Dulwich and West Norwood|Ealing Central and Acton|Ealing North|Ealing, Southall|Easington|East Devon|East Ham|East Hampshire|East Surrey|East Worthing and Shoreham|East Yorkshire|Eastbourne|Eastleigh|Eddisbury|Edmonton|Ellesmere Port and Neston|Elmet and Rothwell|Eltham|Enfield North|Enfield, Southgate|Epping Forest|Epsom and Ewell|Erewash|Erith and Thamesmead|Esher and Walton|Exeter|Fareham|Faversham and Mid Kent|Feltham and Heston|Filton and Bradley Stoke|Finchley and Golders Green|Folkestone and Hythe|Forest of Dean|Fylde|Gainsborough|Garston and Halewood|Gateshead|Gedling|Gillingham and Rainham|Gloucester|Gosport|Grantham and Stamford|Gravesham|Great Grimsby|Great Yarmouth|Greenwich and Woolwich|Guildford|Hackney North and Stoke Newington|Hackney South and Shoreditch|Halesowen and Rowley Regis|Halifax|Haltemprice and Howden|Halton|Hammersmith|Hampstead and Kilburn|Harborough|Harlow|Harrogate and Knaresborough|Harrow East|Harrow West|Hartlepool|Harwich and North Essex|Hastings and Rye|Havant|Hayes and Harlington|Hazel Grove|Hemel Hempstead|Hemsworth|Hendon|Henley|Hereford and South Herefordshire|Hertford and Stortford|Hertsmere|Hexham|Heywood and Middleton|High Peak|Hitchin and Harpenden|Holborn and St Pancras|Hornchurch and Upminster|Hornsey and Wood Green|Horsham|Houghton and Sunderland South|Hove|Huddersfield|Huntingdon|Hyndburn|Ilford North|Ilford South|Ipswich|Isle of Wight|Islington North|Islington South and Finsbury|Jarrow|Keighley|Kenilworth and Southam|Kensington|Kettering|Kingston and Surbiton|Kingston upon Hull East|Kingston upon Hull North|Kingston upon Hull West and Hessle|Kingswood|Knowsley|Lancaster and Fleetwood|Leeds Central|Leeds East|Leeds North East|Leeds North West|Leeds West|Leicester East|Leicester South|Leicester West|Leigh|Lewes|Lewisham East|Lewisham West and Penge|Lewisham, Deptford|Leyton and Wanstead|Lichfield|Lincoln|Liverpool, Riverside|Liverpool, Walton|Liverpool, Wavertree|Liverpool, West Derby|Loughborough|Louth and Horncastle|Ludlow|Luton North|Luton South|Macclesfield|Maidenhead|Maidstone and The Weald|Makerfield|Maldon|Manchester Central|Manchester, Gorton|Manchester, Withington|Mansfield|Meon Valley|Meriden|Mid Bedfordshire|Mid Derbyshire|Mid Dorset and North Poole|Mid Norfolk|Mid Sussex|Mid Worcestershire|Middlesbrough|Middlesbrough South and East Cleveland|Milton Keynes North|Milton Keynes South|Mitcham and Morden|Mole Valley|Morecambe and Lunesdale|Morley and Outwood|New Forest East|New Forest West|Newark|Newbury|Newcastle upon Tyne Central|Newcastle upon Tyne East|Newcastle upon Tyne North|Newcastle-under-Lyme|Newton Abbot|Normanton, Pontefract and Castleford|North Cornwall|North Devon|North Dorset|North Durham|North East Bedfordshire|North East Cambridgeshire|North East Derbyshire|North East Hampshire|North East Hertfordshire|North East Somerset|North Herefordshire|North Norfolk|North Shropshire|North Somerset|North Swindon|North Thanet|North Tyneside|North Warwickshire|North West Cambridgeshire|North West Durham|North West Hampshire|North West Leicestershire|North West Norfolk|North Wiltshire|Northampton North|Northampton South|Norwich North|Norwich South|Nottingham East|Nottingham North|Nottingham South|Nuneaton|Old Bexley and Sidcup|Oldham East and Saddleworth|Oldham West and Royton|Orpington|Oxford East|Oxford West and Abingdon|Pendle|Penistone and Stocksbridge|Penrith and The Border|Peterborough|Plymouth, Moor View|Plymouth, Sutton and Devonport|Poole|Poplar and Limehouse|Portsmouth North|Portsmouth South|Preston|Pudsey|Putney|Rayleigh and Wickford|Reading East|Reading West|Redcar|Redditch|Reigate|Ribble Valley|Richmond (Yorks)|Richmond Park|Rochdale|Rochester and Strood|Rochford and Southend East|Romford|Romsey and Southampton North|Rossendale and Darwen|Rother Valley|Rotherham|Rugby|Ruislip, Northwood and Pinner|Runnymede and Weybridge|Rushcliffe|Rutland and Melton|Saffron Walden|Salford and Eccles|Salisbury|Scarborough and Whitby|Scunthorpe|Sedgefield|Sefton Central|Selby and Ainsty|Sevenoaks|Sheffield Central|Sheffield South East|Sheffield, Brightside and Hillsborough|Sheffield, Hallam|Sheffield, Heeley|Sherwood|Shipley|Shrewsbury and Atcham|Sittingbourne and Sheppey|Skipton and Ripon|Sleaford and North Hykeham|Slough|Solihull|Somerton and Frome|South Basildon and East Thurrock|South Cambridgeshire|South Derbyshire|South Dorset|South East Cambridgeshire|South East Cornwall|South Holland and The Deepings|South Leicestershire|South Norfolk|South Northamptonshire|South Ribble|South Shields|South Staffordshire|South Suffolk|South Swindon|South Thanet|South West Bedfordshire|South West Devon|South West Hertfordshire|South West Norfolk|South West Surrey|South West Wiltshire|Southampton, Itchen|Southampton, Test|Southend West|Southport|Spelthorne|St Albans|St Austell and Newquay|St Helens North|St Helens South and Whiston|St Ives|Stafford|Staffordshire Moorlands|Stalybridge and Hyde|Stevenage|Stockport|Stockton North|Stockton South|Stoke-on-Trent Central|Stoke-on-Trent North|Stoke-on-Trent South|Stone|Stourbridge|Stratford-on-Avon|Streatham|Stretford and Urmston|Stroud|Suffolk Coastal|Sunderland Central|Surrey Heath|Sutton and Cheam|Sutton Coldfield|Tamworth|Tatton|Taunton Deane|Telford|Tewkesbury|The Cotswolds|The Wrekin|Thirsk and Malton|Thornbury and Yate|Thurrock|Tiverton and Honiton|Tonbridge and Malling|Tooting|Torbay|Torridge and West Devon|Totnes|Tottenham|Truro and Falmouth|Tunbridge Wells|Twickenham|Tynemouth|Uxbridge and South Ruislip|Vauxhall|Wakefield|Wallasey|Walsall North|Walsall South|Walthamstow|Wansbeck|Wantage|Warley|Warrington North|Warrington South|Warwick and Leamington|Washington and Sunderland West|Watford|Waveney|Wealden|Weaver Vale|Wellingborough|Wells|Welwyn Hatfield|Wentworth and Dearne|West Bromwich East|West Bromwich West|West Dorset|West Ham|West Lancashire|West Suffolk|West Worcestershire|Westminster North|Westmorland and Lonsdale|Weston-Super-Mare|Wigan|Wimbledon|Winchester|Windsor|Wirral South|Wirral West|Witham|Witney|Woking|Wokingham|Wolverhampton North East|Wolverhampton South East|Wolverhampton South West|Worcester|Workington|Worsley and Eccles South|Worthing West|Wycombe|Wyre and Preston North|Wyre Forest|Wythenshawe and Sale East|Yeovil|York Central|York Outer|Ynys Mon|Delyn|Alyn and Deeside|Wrexham|Llanelli|Gower|Swansea West|Swansea East|Aberavon|Cardiff Central|Cardiff North|Rhondda|Torfaen|Monmouth|Newport East|Newport West|Arfon|Aberconwy|Clwyd West|Vale of Clwyd|Dwyfor Meirionnydd|Clwyd South|Montgomeryshire|Ceredigion|Preseli Pembrokeshire|Carmarthen West and South Pembrokeshire|Carmarthen East and Dinefwr|Brecon and Radnorshire|Neath|Cynon Valley|Merthyr Tydfil and Rhymney|Blaenau Gwent|Bridgend|Ogmore|Pontypridd|Caerphilly|Islwyn|Vale of Glamorgan|Cardiff West|Cardiff South and Penarth|Aberdeen North|Aberdeen South|Airdrie and Shotts|Angus|Argyll and Bute|Ayr, Carrick and Cumnock|Banff and Buchan|Berwickshire, Roxburgh and Selkirk|Caithness, Sutherland and Easter Ross|Central Ayrshire|Coatbridge, Chryston and Bellshill|Cumbernauld, Kilsyth and Kirkintilloch East|Dumfries and Galloway|Dumfriesshire, Clydesdale and Tweeddale|Dundee East|Dundee West|Dunfermline and West Fife|East Dunbartonshire|East Kilbride, Strathaven and Lesmahagow|East Lothian|East Renfrewshire|Edinburgh East|Edinburgh North and Leith|Edinburgh South|Edinburgh South West|Edinburgh West|Falkirk|Glasgow Central|Glasgow East|Glasgow North|Glasgow North East|Glasgow North West|Glasgow South|Glasgow South West|Glenrothes|Gordon|Inverclyde|Inverness, Nairn, Badenoch and Strathspey|Kilmarnock and Loudoun|Kirkcaldy and Cowdenbeath|Lanark and Hamilton East|Linlithgow and East Falkirk|Livingston|Midlothian|Moray|Motherwell and Wishaw|Na h-Eileanan an Iar|North Ayrshire and Arran|North East Fife|Ochil and South Perthshire|Orkney and Shetland|Paisley and Renfrewshire North|Paisley and Renfrewshire South|Perth and North Perthshire|Ross, Skye and Lochaber|Rutherglen and Hamilton West|Stirling|West Aberdeenshire and Kincardine|West Dunbartonshire",632,10239
51,Allen|Simmons,2,13
52,Allow many fewer|1.0|2.0|3.0|4.0|5.0|6.0|7.0|8.0|9.0|Allow many more,11,68
53,An individual share in a company|A portfolio of different company shares|The risk is the same|Don?t know,4,104
54,Bad for Britain|Good for Britain,2,32
55,Bad for economy|2.0|3.0|4.0|5.0|6.0|Good for economy,7,52
56,Bad time to buy|Neither good nor bad time to buy|Good time to buy,3,65
57,British identity|british influence in the world|bureaucracy|debt|democratic deficit|don't know|economic stability|economy general|economy personal|emotional|english identity|environment|equality|eu accountability|EU identity/cosmopolitan|EU spending|EU spending-neg|EU spending-pos|EU stability|family|fiscal|fishing|freedom of movement|further integration|general concerns|human rights|immigration|influence over EU|international cooperation|judicial|living standards|NHS|other|partisan-neg|partisan-pos|peace|red tape|refugees|scotland|security|social cohesion|social identity|sovereignty|trade|truth|turkey|uncertainty|unemployment|worker rights|election/campaign fairness|respecting result|EU reform|british greatness|stability in general,54,742
58,British identity|british influence in the world|bureaucracy|democratic deficit|economic stability|economy general|economy personal|emotional|english identity|environment|equality|eu accountability|EU identity/cosmopolitan|EU spending|EU spending-neg|EU spending-pos|EU stability|family|fiscal|fishing|freedom of movement|further integration|general concerns|human rights|immigration|influence over EU|international cooperation|judicial|living standards|NHS|other|partisan-neg|partisan-pos|peace|red tape|refugees|scotland|security|social cohesion|social identity|sovereignty|trade|truth|turkey|uncertainty|unemployment|worker rights|election/campaign fairness|respecting result|EU reform|british greatness|stability in general,52,726
59,"By the UK Parliament, with all MPs having a vote|By the UK Parliament, but with only English MPs having a vote|By a new, separate parliament for England, but with England remaining part of the UK|By a new, separate parliament for England, and with England becoming independent from the rest of the UK",4,300
60,Chancellor of the Exchequer|Deputy Prime Minister|Leader of the Labour Party|Home secretary|Speaker of the House of Commons,5,123
61,"City of London|Camden|Greenwich|Hackney|Hammersmith and Fulham|Islington|Kensington and Chelsea|Lambeth|Lewisham|Southwark|Tower Hamlets|Wandsworth|Westminster|Barking and Dagenham|Barnet|Bexley|Brent|Bromley|Croydon|Ealing|Enfield|Haringey|Harrow|Havering|Hillingdon|Hounslow|Kingston upon Thames|Merton|Newham|Redbridge|Richmond upon Thames|Sutton|Waltham Forest|Birmingham|Coventry|Dudley|Sandwell|Solihull|Walsall|Wolverhampton|Knowsley|Liverpool|St Helens|Sefton|Wirral|Bolton|Bury|Manchester|Oldham|Rochdale|Salford|Stockport|Tameside|Trafford|Wigan|Barnsley|Doncaster|Rotherham|Sheffield|Bradford|Calderdale|Kirklees|Leeds|Wakefield|Gateshead|Newcastle upon Tyne|North Tyneside|South Tyneside|Sunderland|Bath and North East Somerset|Bristol|North Somerset|South Gloucestershire|Hartlepool|Middlesbrough|Redcar and Cleveland|Stockton-on-Tees|Kingston upon Hull|East Riding of Yorkshire|North East Lincolnshire|North Lincolnshire|North Yorkshire|York|Luton|Bedford|Central Bedfordshire|Buckinghamshire|Milton Keynes|Derbyshire|Derby|Dorset|Poole|Bournemouth|Durham|Darlington|East Sussex|Brighton and Hove|Hampshire|Portsmouth|Southampton|Leicestershire|Leicester|Rutland|Staffordshire|Stoke-on-Trent|Wiltshire|Swindon|Bracknell Forest|Windsor and Maidenhead|West Berkshire|Reading|Slough|Wokingham|Cambridgeshire|Peterborough|Halton|Warrington|Devon|Plymouth|Torbay|Essex|Southend on Sea|Thurrock|Herefordshire|Worcestershire|Kent|Medway|Lancashire|Blackburn with Darwen|Blackpool|Nottinghamshire|Nottingham|Shropshire|Telford and Wrekin|Cheshire East|Cheshire West and Chester|Cornwall|Cumbria|Gloucestershire|Hertfordshire|Isle of Wight|Lincolnshire|Norfolk|Northamptonshire|Northumberland|Oxfordshire|Somerset|Suffolk|Surrey|Warwickshire|West Sussex|Isle of Anglesey|Gwynedd|Conwy|Denbighshire|Flintshire|Wrexham|Powys|Ceredigion|Pembrokeshire|Carmarthenshire|Swansea|Neath Port Talbot|Bridgend|Vale of Glamorgan|Rhondda, Cynon, Taff|Merthyr Tydfil|Caerphilly|Blaenau Gwent|Torfaen|Monmouthshire|Newport|Cardiff|Southern|Aberdeen City|Aberdeenshire|Angus|Argyll & Bute|Scottish Borders|Clackmannanshire|West Dunbartonshire|Dumfries & Galloway|Dundee City|East Ayrshire|East Dunbartonshire|East Lothian|East Renfrewshire|City of Edinburgh|Falkirk|Fife|City of Glasgow|Highland|Inverclyde|Midlothian|Moray|North Ayrshire|North Lanarkshire|Orkney Islands|Perth & Kinross|Renfrewshire|Shetland Islands|South Ayrshire|South Lanarkshire|Stirling|West Lothian|Eilean Siar",206,2473
62,Climate changing due to human activity|Climate changing but not due to human activity|Climate not changing,3,106
63,Conducted fairly|2.0|3.0|4.0|Conducted unfairly,5,47
64,Conservative|Labour|Liberal Democrat|Scottish National Party (SNP)|Plaid Cymru|United Kingdom Independence Party (UKIP)|Green Party,7,131
65,Conservative|Labour|Liberal Democrat|Scottish National Party (SNP)|Plaid Cymru|United Kingdom Independence Party (UKIP)|Green Party|British National Party (BNP),8,160
66,Conservative|Labour|Liberal Democrat|Scottish National Party (SNP)|Plaid Cymru|United Kingdom Independence Party (UKIP)|Green Party|British National Party (BNP)|No - none,9,170
67,Conservative|Labour|Liberal Democrat|Scottish National Party (SNP)|Plaid Cymru|United Kingdom Independence Party (UKIP)|Green Party|No - none,8,141
68,Conservative|Labour|Liberal Democrat|Scottish National Party (SNP)|Plaid Cymru|United Kingdom Independence Party (UKIP)|Green Party|Other party,8,143
69,Conservative|Labour|Liberal Democrat|United Kingdom Independence Party (UKIP)|Green Party,5,89
70,Conservative|Labour|Liberal Democrat|United Kingdom Independence Party (UKIP)|Green Party|British National Party (BNP),6,118
71,Curiosity|Good manners,2,22
72,David Cameron|Jeremy Corbyn,2,27
73,Decreased a lot|Decreased a little|Left the same as it is now|Increased a little|Increased a lot,5,96
74,Definitely be better off|Probably be better off|Not at all sure|Probably be worse off|Definitely be worse better off,5,116
75,Definitely continue using the pound|Probably continue using the pound|Not at all sure|Probably not continue using the pound|Definitely not continue using the pound,5,163
76,Definitely remain a member of the EU|Probably remain a member of the EU|Not at all sure|Probably not remain a member of the EU|Definitely not remain a member of the EU,5,167
77,Did not report name|Reported name,2,33
78,Did not vote|Conservative Party|Labour Party|Liberal Democrats|Scottish National Party|Plaid Cymru|British National Party (BNP)|Green Party|Respect|United Kingdom Independence Party (UKIP)|Some other party,11,205
79,Did not vote|Conservative Party|Labour Party|Liberal Democrats|Scottish National Party|Plaid Cymru|British National Party (BNP)|Green Party|Respect|United Kingdom Independence Party (UKIP)|Veritas|Some other party,12,213
80,Differences in income are very small|2.0|3.0|4.0|5.0|6.0|Differences in income are very large,7,93
81,"Earnings from employment (own or spouse / partner's)|Occupational pension(s) - from previous employer(s)|State retirement or widow's pension(s)|Jobseeker's Allowance / Unemployment benefit|Income Support or family credit|Invalidity, sickness or disabled pension or benefit(s)|Other state benefit|Interest from savings or investments|Student grant or loan|Dependent on parents/other relatives|Other main source",11,409
82,Economic growth should have priority|1.0|2.0|3.0|4.0|5.0|6.0|7.0|8.0|9.0|Protecting the environment should have priority,11,120
83,"Employers in large establishments|Higher managerial and administrative occupations|L3.1 Traditional employees|L3.2 New employees|L3.3 Traditional self-employed|L3.4 New self-employed|L4.1 Traditional employees|L4.2 New employees|L4.3 Traditional self-employed|L4.4 New self-employed|Lower managerial and administrative occupations|Higher supervisory occupations|L7.1 Intermediate clerical and administrative occupations|L7.2 Intermediate sales and service occupations|L7.3 Intermediate technical and auxiliary occupations|L7.4 Intermediate engineering occupations|L8.1 Employers in small establishments in industry, commerce, services etc.|L8.2 Employers in small establishments in agriculture|L9.1 Own account workers (non-professional)|L9.2 Own account workers (agriculture)|Lower supervisory occupations|L11.1 Lower technical craft occupations|L11.2 Lower technical process operative occupations|L12.1 Semi-routine sales occupations|L12.2 Semi-routine service occupations|L12.3 Semi-routine technical occupations|L12.4 Semi-routine operative occupations|L12.5 Semi-routine agricultural occupations|L12.6 Semi-routine clerical occupations|L12.7 Semi routine childcare occupations|L13.1 Routine sales and service occupations|L13.2 Routine production occupations|L13.3 Routine technical occupations|L13.4 Routine operative occupations|L13.5 Routine agricultural occupations",35,1373
84,Employers in large organisations and higher managerial|Higher professional occupations|Lower professional and managerial and higher supervisory|Intermediate occupations|Employers in small organisations and own account workers|Lower supervisory and technical occupations|Semi-routine occupations|Routine occupations,8,314
85,"Engineering, Mathematics or Natural sciences|Humanities, social sciences, psychology or education|Medicine|Law|Economics or business",5,132
86,"Engineering, Mathematics or Natural sciences|Humanities, social sciences, psychology or education|Medicine|Law|Economics or business|I never attended higher education (university etc)",6,183
87,England|Scotland|Wales,3,22
88,England|Scotland|Wales|Northern Ireland|Republic of Ireland|Other: Commonwealth member country|Other: European Union member country|Other: Rest of world,8,152
89,Environmental Policy|Defence|Education|Pensions|Social Security,5,63
90,Expected 2015 election to be conducted fairly|2.0|3.0|4.0|Expect 2015 election to be conducted unfairly,5,103
91,Extremely disappointed|1.0|2.0|3.0|4.0|5.0|6.0|7.0|8.0|9.0|Extremely happy,11,74
92,Fight terrorism|1.0|2.0|3.0|4.0|5.0|6.0|7.0|8.0|9.0|Protect civil liberties,11,75
93,Foreign Aid|Infrastructure: Roads and Public Transport|Research and Development|Health|Education,5,96
94,"Gerald Howarth|Richard Shepherd|Graham Brady|Nigel Mills|Nick Hebert|Gloria De Piero|Damian Green|David Heyes|David Lidington|Tony Baldry|Margaret Hodge|Dan Jarvis|Michael Dugher|John Woodcock|John Baron|Maria Miller|John Mann|Don Foster|Mike Wood|Jane Ellison|Dominic Grieve|Bob Steart|Richard Fuller|Simon Hughes|Alan Beith|Rushanara Ali|Graham Stuart|Gregory Barker|David Evennett|Frank Field|Gisela Stuart|Jack Dromey|Roger Godsiff|Liam Byrne|Shabana Mahmood|Richard Burden|Khalid Mahmood|Steve McCabe|John Hemming|Helen Goodman|Jack Straw|Graham Stringer|Paul Maynard|Gordon Marsden|David Anderson|Ronnie Campbell|Nick Gibb|Dennis Skinner|David Crausby|Yasmin Qureshi|Julie Hilling|Joe Benton|Mark Simmonds|David Tredinnick|Tobias Ellwood|Conor Burns|Phillip Lee|David Ward|Gerry Sutcliffe|George Galloway|Brooks Newmark|Sarah Teather|Barry Gardiner|Mary Macleod|Eric Pickles|Ian Liddell-Grainger|Andrew Percy|Simon Kirby|Caroline Lucas|Kerry McCarthy|Charlotte Leslie|Dawn Primarolo|Stephen Williams|Keith Simpson|Robert Neil|Sajid Javid|Charles Walker|Anna Sourby|John Bercow|Gordon Birtwistle|Andrew Griffiths|David Nuttall|Ivan Lewis|David Ruffley|Craig Whittaker|Harriet Harman|George Eustice|Julian Huppert|Aidan Burley|Julian Brazier|John Stevenson|Tom Brake|Rebecca Harris|Mel Stride|Daniel Poulter|Stephen Dorrell|Tracey Crouch|Mark Hunter|Simon Burns|Greg Hands|Martin Horwood|Cheryl Gillan|Toby Perkins|Andrew Tyrie|Iain Duncan Smith|Duncan Hames|Theresa Villiers|Lindsay Hoyle|Christopher Chope|Mark Field|Stephen Mosley|Roberta Blackman-Woods|Douglas Carswell|Martin Vickers|Bob Russell|Jason McCartney|Fiona Bruce|Jamie Reed|Andy Sawford|Bob Ainsworth|Geoffrey Robinson|Jim Cunningham|Henry Smith|Edward Timpson|Gavin Barwell|Steve Reed|Richard Ottaway|Jon Cruddas|Jenny Chapman|Gareth Johnson|Chris Heaton-Harris|Andrew Gwynne|Chris Williamson|Margaret Beckett|Patrick McLoughlin|Claire Perry|Simon Reevell|Caroline Flint|Rosie Winterton|Edward Miliband|Charlie Elphicke|Ian Austin|Chris Kelly|Tessa Jowell|Angie Bray|Stephen Pound|Virendra Sharma|Grahame M. Morris|Hugo Swire|Stephen Timms|Damian Hinds|Sam Gyimah|Tim Loughton|Greg Knight|Stephen Lloyd|Mike Thornton|Stephen O'Brien|Andrew Love|Andrew Miller|Alec Shelbrooke|Clive Efford|Nick de Bois|David Burrowes|Eleanor Laing|Chris Grayling|Jessica Lee|Teressa Pearce|Dominic Raab|Ben Bradshaw|Mark Hoban|Hugh Robertson|Seema Malhotra|Jack Lopresti|Mike Freer|Damian Collins|Mark Harper|Mark Menzies|Edward Leigh|Maria Eagle|Ian Mearns|Vernon Coaker|Rehman Chishti|Richard Graham|Caroline Dinenage|Nick Boles|Adam Holloway|Austin Mitchell|Brandon Lewis|Nick Raynsford|Anne Milton|Diane Abbott|Meg Hillier|James Morris|Linda Riordan|David Davis|Derek Twigg|Andy Slaughter|Glenda Jackson|Edward Garnier|Robert Halfon|Andrew Jones|Bob Blackman|Gareth Thomas|Iain Wright|Bernard Jenkin|Amber Rudd|David Willetts|John McDonnell|Andrew Stunell|Mike Penning|Jon Trickett|Matthew Offord|John Howell|Jesse Norman|Mark Prisk|James Clappison|Guy Opperman|Jim Dobbin|Andrew Bingham|Peter Lilley|Frank Dobson|Angela Watkinson|Lynne Featherstone|Francis Maude|Bridget Phillipson|Mike Weatherley|Barry Sheerman|Jonathan Djanogly|Graham Jones|Lee Scott|Mike Gapes|Ben Gummer|Andrew Turner|Jeremy Corbyn|Emily Thornberry|Stephen Hepburn|Kris Hopkins|Jeremy Wright|Malcolm Rifkind|Philip Hollobone|Edward Davey|Karl Turner|Diana Johnson|Alan Johnson|Chris Skidmore|,George Howarth|Eric Ollerenshaw|Hilary Benn|George Mudie|Fabian Hamilton|Greg Mulholland|Rachel Reeves|Keith Vaz|Jonathan Ashworth|Liz Kendall|Andy Burnham|Norman Baker|Heidi Alexander|Jim Dowd|Dame Joan Ruddock|John Cryer|Michael Fabricant|Karl McCartney|Louise Ellman|Steve Rotheram|Luciana Berger|Stephen Twigg|Nicky Morgan|Peter Tapsell|Philip Dunne|Kelvin Hopkins|Gavin Shuker|David Rutley|Theresa May|Helen Grant|Yvonne Fovargue|John Whittingdale|Lucy Powell|Gerald Kaufman|John Leech|Alan Meale|George Hollingbery|Caroline Spelman|Nadine Dorries|Pauline Latham|Annette Brooke|George Freeman|Nicholas Soames|Peter Luff|Andy McDonald|Tom Blenkinsop|Mark Lancaster|Iain Stewart|Siobhain McDonagh|Paul Beresford|David Morris|Ed Balls|Julian Lewis|Desmond Swayne|Patrick Mercer|Richard Benyon|Chi Onwurah|Nicholas Brown|Catherine McKinnell|Paul Farrelley|Anne Marie Morris|Yvette Cooper|Dan Rogerson|Nick Harvey|Robert Walter|Kevan Jones|Alistair Burt|Stephen Barclay|Natascha Engel|James Arbuthnot|Oliver Heald|Jacob Rees-Mogg|Bill Wiggin|Norman Lamb|Owen Paterson|Liam Fox|Justin Tomlinson|Roger Gale|Mary Glindon|Dan Byles|Shailesh Vara|Pat Glass|George Young|Andrew Bridgen|Henry Bellingham|James Gray|Michael Ellis|Brian Binley|Chloe Smith|Simon Wright|Chris Leslie|Graham Allen|Lilian Greenwood|Marcus Jones|James Brokenshire|Debbie Abrahams|Michael Meacher|Joseph Johnson|Andrew Smith|Nicola Blackwood|Andrew Stephenson|Angela Smith|Rory Stewart|Stewart Jackson|Alison Seabeck|Oliver Colvile|Robert Syms|Jim Fitzpatrick|Penny Mordaunt|Mike Hancock|Mark Hendrick|Stuart Andrew|Justine Greening|Mark Francois|Rob Wilson|Alok Sharma|Ian Swales|Karen Lumley|Crispin Blunt|Nigel Evans|William Hague|Zac Goldsmith|Simon Danczuk|Mark Reckless|James Duddridge|Andrew Rosindell|Caroline Nokes|Jake Berry|Kevin Barron|Sarah Champion|Mark Pawsey|Nick Hurd|Philip Hammond|Kenneth Clarke|Alan Duncan|Alan Haselhurst|Hazel Blears|John Glen|Robert Goodwill|Nic Dakin|Phil Wilson|Bill Esterson|Nigel Adams|Michael Fallon|Paul Blomfield|Clive Betts|David  Blunkett|Nick Clegg|Meg Munn|Mark Spencer|Philip Davies|Daniel Kawczynski|Gordon Henderson|Julian Smith|Stephen Phillips|Fiona Mactaggart|Lorely Burt|David Heath|Stephen Metcalfe|Andrew Lansley|Heather Wheeler|Richard Drax|James Paice|Sheryll Murray|John Hayes|Andrew Robathan|Richard Bacon|Andrea Leadsom|Lorraine Fullbrook|Emma Lewell-Buck|Gavin Williamson|Tim Yeo|Robert Buckland|Laura Sandys|Andrew Selous|Gary Streeter|David Gauke|Elizabeth Truss|Jeremy Hunt|Andrew Murrison|John Denham|Alan Whitehead|David Amess|John Pugh|Kwasi Kwarteng|Anne Main|Stephen Gilbert|Dave Watts|Shaun Woodward|Andrew George|Jeremy Lefroy|Karen Bradley|Jonathan Reynolds|Stephen McPartland|Ann Coffey|Alex Cunningham|James Wharton|Tristram Hunt|Joan Walley|Robert Flello|William Cash|Margot James|Nadhim Zahawi|Chuka Umunna|Kate Green|Neil Carmichael|Thrse  Coff|Julie Elliott|Michael Gove|Paul Burstow|Andrew Mitchell|Christopher Pincher|George Osborne|Jeremy Browne|David Wright|Laurence Robertson|Geoffrey Clifton-Brown|Mark Pritchard|Anne McIntosh|Steve Webb|Jackie Doyle-Price|Neil Parish|John Stanley|Sadiq Khan|Adrian Sanders|Geoffrey Cox|Sarah Wollaston|David Lammy|Sarah Newton|Greg Clark|Vince Cable|Alan Campbell|John Randall|Kate Hoey|Mary Creagh|Angela Eagle|David Winnick|Valerie Vaz|Stella Creasy|Ian Lavery|Edward Vaizey|John Spellar|Helen Jones|David Mowat|Chris White|Sharon Hodgson|Richard Harrington|Peter Aldous|Charles Hendry|Graham Evans|Peter Bone|Tessa Munt|Grant Shapps|John Healey|Tom Watson|Adrian Bailey|Oliver Letwin|Lyn Brown|Rosie Cooper|Matthew Hancock|Harriett Baldwin|Karen Buck|Tim Farron|John Penrose|Lisa Nandy|Stephen Hammond|Steve Brine|Adam Afriyie|Alison McGovern|Esther McVey|Priti Patel|David Cameron|Jonathan Lord|John Redwood|Emma Reynolds|Pat McFadden|Paul Uppal|Robin Walker|Tony Cunningham|Barbara Keeley|Peter Bottomley|Steve Baker|Ben Wallace|Mark Garnier|Mike Kane|David Laws|Hugh Bayley|Julian Sturdy|Albert Owen|David Hanson|Mark Tami|Ian Lucas|Nia Griffith|Martin Caton|Geraint Davies|Sin C. Jame|Hywel Francis|Jenny Willott|Jonathan Evans|Chris Bryant|Paul Murphy|David T. C. Davies|Jessica Morden|Paul Flynn|Hywel Williams|Guto Bebb|David Jones|Chris Ruane|Elfyn Llwyd|Susan Elan Jones|Glyn Davies|Mark Williams|Stephen Crabb|Simon Hart|Jonathan Edwards|Roger Williams|Peter Hain|Ann Clwyd|Dai Havard|Nick Smith|Madeleine Moon|Huw Irranca-Davies|Owen Smith|Wayne David|Chris Evans|Alun Cairns|Kevin Brennan|Stephen Doughty|Frank Doran|Anne Begg|Pamela Nash|Mike Weir|Alan Reid|Sandra Osborne|Eilidh Whiteford|Michael Moore|John Thurso|Brian H. Donohoe|Tom Clarke|Gregg McClymont|Russell Brown|David Mundell|Stewart Hosie|Jim McGovern|Thomas Docherty|Jo Swinson|Michael McCann|Fiona O'Donnell|Jim Murphy|Sheila Gilmore|Mark Lazarowicz|Ian Murray|Alistair Darling|Mike Crockart|Eric Joyce|Anas Sarwar|Margaret Curran|Ann McKechin|William Bain|John Robertson|Tom Harris|Ian Davidson|Lindsay Roy|Malcom Bruce|Iain McKenzie|Danny Alexander|Cathy Jamieson|Gordon Brown|Jim Hood|Michael Connarty|Graeme Morrice|David Hamilton|Angus Robertson|Frank Roy|Angus Brendan MacNeil|Katy Clark|Menzies Campbell|Gordon Banks|Alistair Carmichael|Jim Sheridan|Douglas Alexander|Pete Wishart|Charles Kennedy|Tom Greatrex|Anne McGuire|Robert Smith|Gemma Doyle|Margaret Ritchie",633,8768
95,"Gerald Howarth|Richard Shepherd|Graham Brady|Nigel Mills|Nick Hebert|Gloria De Piero|Damian Green|David Heyes|David Lidington|Tony Baldry|Margaret Hodge|Dan Jarvis|Michael Dugher|John Woodcock|John Baron|Maria Miller|John Mann|Don Foster|Mike Wood|Jane Ellison|Dominic Grieve|Bob Steart|Richard Fuller|Simon Hughes|Alan Beith|Rushanara Ali|Graham Stuart|Gregory Barker|David Evennett|Frank Field|Gisela Stuart|Jack Dromey|Roger Godsiff|Liam Byrne|Shabana Mahmood|Richard Burden|Khalid Mahmood|Steve McCabe|John Hemming|Helen Goodman|Jack Straw|Graham Stringer|Paul Maynard|Gordon Marsden|David Anderson|Ronnie Campbell|Nick Gibb|Dennis Skinner|David Crausby|Yasmin Qureshi|Julie Hilling|Joe Benton|Mark Simmonds|David Tredinnick|Tobias Ellwood|Conor Burns|Phillip Lee|David Ward|Gerry Sutcliffe|George Galloway|Brooks Newmark|Sarah Teather|Barry Gardiner|Mary Macleod|Eric Pickles|Ian Liddell-Grainger|Andrew Percy|Simon Kirby|Caroline Lucas|Kerry McCarthy|Charlotte Leslie|Dawn Primarolo|Stephen Williams|Keith Simpson|Robert Neil|Sajid Javid|Charles Walker|Anna Sourby|John Bercow|Gordon Birtwistle|Andrew Griffiths|David Nuttall|Ivan Lewis|David Ruffley|Craig Whittaker|Harriet Harman|George Eustice|Julian Huppert|Aidan Burley|Julian Brazier|John Stevenson|Tom Brake|Rebecca Harris|Mel Stride|Daniel Poulter|Stephen Dorrell|Tracey Crouch|Mark Hunter|Simon Burns|Greg Hands|Martin Horwood|Cheryl Gillan|Toby Perkins|Andrew Tyrie|Iain Duncan Smith|Duncan Hames|Theresa Villiers|Lindsay Hoyle|Christopher Chope|Mark Field|Stephen Mosley|Roberta Blackman-Woods|Douglas Carswell|Martin Vickers|Bob Russell|Jason McCartney|Fiona Bruce|Jamie Reed|Andy Sawford|Bob Ainsworth|Geoffrey Robinson|Jim Cunningham|Henry Smith|Edward Timpson|Gavin Barwell|Steve Reed|Richard Ottaway|Jon Cruddas|Jenny Chapman|Gareth Johnson|Chris Heaton-Harris|Andrew Gwynne|Chris Williamson|Margaret Beckett|Patrick McLoughlin|Claire Perry|Simon Reevell|Caroline Flint|Rosie Winterton|Edward Miliband|Charlie Elphicke|Ian Austin|Chris Kelly|Tessa Jowell|Angie Bray|Stephen Pound|Virendra Sharma|Grahame M. Morris|Hugo Swire|Stephen Timms|Damian Hinds|Sam Gyimah|Tim Loughton|Greg Knight|Stephen Lloyd|Mike Thornton|Stephen O'Brien|Andrew Love|Andrew Miller|Alec Shelbrooke|Clive Efford|Nick de Bois|David Burrowes|Eleanor Laing|Chris Grayling|Jessica Lee|Teressa Pearce|Dominic Raab|Ben Bradshaw|Mark Hoban|Hugh Robertson|Seema Malhotra|Jack Lopresti|Mike Freer|Damian Collins|Mark Harper|Mark Menzies|Edward Leigh|Maria Eagle|Ian Mearns|Vernon Coaker|Rehman Chishti|Richard Graham|Caroline Dinenage|Nick Boles|Adam Holloway|Austin Mitchell|Brandon Lewis|Nick Raynsford|Anne Milton|Diane Abbott|Meg Hillier|James Morris|Linda Riordan|David Davis|Derek Twigg|Andy Slaughter|Glenda Jackson|Edward Garnier|Robert Halfon|Andrew Jones|Bob Blackman|Gareth Thomas|Iain Wright|Bernard Jenkin|Amber Rudd|David Willetts|John McDonnell|Andrew Stunell|Mike Penning|Jon Trickett|Matthew Offord|John Howell|Jesse Norman|Mark Prisk|James Clappison|Guy Opperman|Jim Dobbin|Andrew Bingham|Peter Lilley|Frank Dobson|Angela Watkinson|Lynne Featherstone|Francis Maude|Bridget Phillipson|Mike Weatherley|Barry Sheerman|Jonathan Djanogly|Graham Jones|Lee Scott|Mike Gapes|Ben Gummer|Andrew Turner|Jeremy Corbyn|Emily Thornberry|Stephen Hepburn|Kris Hopkins|Jeremy Wright|Malcolm Rifkind|Philip Hollobone|Edward Davey|Karl Turner|Diana Johnson|Alan Johnson|Chris Skidmore|,George Howarth|Eric Ollerenshaw|Hilary Benn|George Mudie|Fabian Hamilton|Greg Mulholland|Rachel Reeves|Keith Vaz|Jonathan Ashworth|Liz Kendall|Andy Burnham|Norman Baker|Heidi Alexander|Jim Dowd|Dame Joan Ruddock|John Cryer|Michael Fabricant|Karl McCartney|Louise Ellman|Steve Rotheram|Luciana Berger|Stephen Twigg|Nicky Morgan|Peter Tapsell|Philip Dunne|Kelvin Hopkins|Gavin Shuker|David Rutley|Theresa May|Helen Grant|Yvonne Fovargue|John Whittingdale|Lucy Powell|Gerald Kaufman|John Leech|Alan Meale|George Hollingbery|Caroline Spelman|Nadine Dorries|Pauline Latham|Annette Brooke|George Freeman|Nicholas Soames|Peter Luff|Andy McDonald|Tom Blenkinsop|Mark Lancaster|Iain Stewart|Siobhain McDonagh|Paul Beresford|David Morris|Ed Balls|Julian Lewis|Desmond Swayne|Patrick Mercer|Richard Benyon|Chi Onwurah|Nicholas Brown|Catherine McKinnell|Paul Farrelley|Anne Marie Morris|Yvette Cooper|Dan Rogerson|Nick Harvey|Robert Walter|Kevan Jones|Alistair Burt|Stephen Barclay|Natascha Engel|James Arbuthnot|Oliver Heald|Jacob Rees-Mogg|Bill Wiggin|Norman Lamb|Owen Paterson|Liam Fox|Justin Tomlinson|Roger Gale|Mary Glindon|Dan Byles|Shailesh Vara|Pat Glass|George Young|Andrew Bridgen|Henry Bellingham|James Gray|Michael Ellis|Brian Binley|Chloe Smith|Simon Wright|Chris Leslie|Graham Allen|Lilian Greenwood|Marcus Jones|James Brokenshire|Debbie Abrahams|Michael Meacher|Joseph Johnson|Andrew Smith|Nicola Blackwood|Andrew Stephenson|Angela Smith|Rory Stewart|Stewart Jackson|Alison Seabeck|Oliver Colvile|Robert Syms|Jim Fitzpatrick|Penny Mordaunt|Mike Hancock|Mark Hendrick|Stuart Andrew|Justine Greening|Mark Francois|Rob Wilson|Alok Sharma|Ian Swales|Karen Lumley|Crispin Blunt|Nigel Evans|William Hague|Zac Goldsmith|Simon Danczuk|Mark Reckless|James Duddridge|Andrew Rosindell|Caroline Nokes|Jake Berry|Kevin Barron|Sarah Champion|Mark Pawsey|Nick Hurd|Philip Hammond|Kenneth Clarke|Alan Duncan|Alan Haselhurst|Hazel Blears|John Glen|Robert Goodwill|Nic Dakin|Phil Wilson|Bill Esterson|Nigel Adams|Michael Fallon|Paul Blomfield|Clive Betts|David  Blunkett|Nick Clegg|Meg Munn|Mark Spencer|Philip Davies|Daniel Kawczynski|Gordon Henderson|Julian Smith|Stephen Phillips|Fiona Mactaggart|Lorely Burt|David Heath|Stephen Metcalfe|Andrew Lansley|Heather Wheeler|Richard Drax|James Paice|Sheryll Murray|John Hayes|Andrew Robathan|Richard Bacon|Andrea Leadsom|Lorraine Fullbrook|Emma Lewell-Buck|Gavin Williamson|Tim Yeo|Robert Buckland|Laura Sandys|Andrew Selous|Gary Streeter|David Gauke|Elizabeth Truss|Jeremy Hunt|Andrew Murrison|John Denham|Alan Whitehead|David Amess|John Pugh|Kwasi Kwarteng|Anne Main|Stephen Gilbert|Dave Watts|Shaun Woodward|Andrew George|Jeremy Lefroy|Karen Bradley|Jonathan Reynolds|Stephen McPartland|Ann Coffey|Alex Cunningham|James Wharton|Tristram Hunt|Joan Walley|Robert Flello|William Cash|Margot James|Nadhim Zahawi|Chuka Umunna|Kate Green|Neil Carmichael|Thrse  Coffey|Julie Elliott|Michael Gove|Paul Burstow|Andrew Mitchell|Christopher Pincher|George Osborne|Jeremy Browne|David Wright|Laurence Robertson|Geoffrey Clifton-Brown|Mark Pritchard|Anne McIntosh|Steve Webb|Jackie Doyle-Price|Neil Parish|John Stanley|Sadiq Khan|Adrian Sanders|Geoffrey Cox|Sarah Wollaston|David Lammy|Sarah Newton|Greg Clark|Vince Cable|Alan Campbell|John Randall|Kate Hoey|Mary Creagh|Angela Eagle|David Winnick|Valerie Vaz|Stella Creasy|Ian Lavery|Edward Vaizey|John Spellar|Helen Jones|David Mowat|Chris White|Sharon Hodgson|Richard Harrington|Peter Aldous|Charles Hendry|Graham Evans|Peter Bone|Tessa Munt|Grant Shapps|John Healey|Tom Watson|Adrian Bailey|Oliver Letwin|Lyn Brown|Rosie Cooper|Matthew Hancock|Harriett Baldwin|Karen Buck|Tim Farron|John Penrose|Lisa Nandy|Stephen Hammond|Steve Brine|Adam Afriyie|Alison McGovern|Esther McVey|Priti Patel|David Cameron|Jonathan Lord|John Redwood|Emma Reynolds|Pat McFadden|Paul Uppal|Robin Walker|Tony Cunningham|Barbara Keeley|Peter Bottomley|Steve Baker|Ben Wallace|Mark Garnier|Mike Kane|David Laws|Hugh Bayley|Julian Sturdy|Albert Owen|David Hanson|Mark Tami|Ian Lucas|Nia Griffith|Martin Caton|Geraint Davies|Sin C. James|Hywel Francis|Jenny Willott|Jonathan Evans|Chris Bryant|Paul Murphy|David T. C. Davies|Jessica Morden|Paul Flynn|Hywel Williams|Guto Bebb|David Jones|Chris Ruane|Elfyn Llwyd|Susan Elan Jones|Glyn Davies|Mark Williams|Stephen Crabb|Simon Hart|Jonathan Edwards|Roger Williams|Peter Hain|Ann Clwyd|Dai Havard|Nick Smith|Madeleine Moon|Huw Irranca-Davies|Owen Smith|Wayne David|Chris Evans|Alun Cairns|Kevin Brennan|Stephen Doughty|Frank Doran|Anne Begg|Pamela Nash|Mike Weir|Alan Reid|Sandra Osborne|Eilidh Whiteford|Michael Moore|John Thurso|Brian H. Donohoe|Tom Clarke|Gregg McClymont|Russell Brown|David Mundell|Stewart Hosie|Jim McGovern|Thomas Docherty|Jo Swinson|Michael McCann|Fiona O'Donnell|Jim Murphy|Sheila Gilmore|Mark Lazarowicz|Ian Murray|Alistair Darling|Mike Crockart|Eric Joyce|Anas Sarwar|Margaret Curran|Ann McKechin|William Bain|John Robertson|Tom Harris|Ian Davidson|Lindsay Roy|Malcom Bruce|Iain McKenzie|Danny Alexander|Cathy Jamieson|Gordon Brown|Jim Hood|Michael Connarty|Graeme Morrice|David Hamilton|Angus Robertson|Frank Roy|Angus Brendan MacNeil|Katy Clark|Menzies Campbell|Gordon Banks|Alistair Carmichael|Jim Sheridan|Douglas Alexander|Pete Wishart|Charles Kennedy|Tom Greatrex|Anne McGuire|Robert Smith|Gemma Doyle",632,8754
96,"Gerald Howarth|Richard Shepherd|Graham Brady|Nigel Mills|Nick Hebert|Gloria De Piero|Damian Green|David Heyes|David Lidington|Tony Baldry|Margaret Hodge|Dan Jarvis|Michael Dugher|John Woodcock|John Baron|Maria Miller|John Mann|Don Foster|Mike Wood|Jane Ellison|Dominic Grieve|Bob Steart|Richard Fuller|Simon Hughes|Alan Beith|Rushanara Ali|Graham Stuart|Gregory Barker|David Evennett|Frank Field|Gisela Stuart|Jack Dromey|Roger Godsiff|Liam Byrne|Shabana Mahmood|Richard Burden|Khalid Mahmood|Steve McCabe|John Hemming|Helen Goodman|Jack Straw|Graham Stringer|Paul Maynard|Gordon Marsden|David Anderson|Ronnie Campbell|Nick Gibb|Dennis Skinner|David Crausby|Yasmin Qureshi|Julie Hilling|Joe Benton|Mark Simmonds|David Tredinnick|Tobias Ellwood|Conor Burns|Phillip Lee|David Ward|Gerry Sutcliffe|George Galloway|Brooks Newmark|Sarah Teather|Barry Gardiner|Mary Macleod|Eric Pickles|Ian Liddell-Grainger|Andrew Percy|Simon Kirby|Caroline Lucas|Kerry McCarthy|Charlotte Leslie|Dawn Primarolo|Stephen Williams|Keith Simpson|Robert Neil|Sajid Javid|Charles Walker|Anna Sourby|John Bercow|Gordon Birtwistle|Andrew Griffiths|David Nuttall|Ivan Lewis|David Ruffley|Craig Whittaker|Harriet Harman|George Eustice|Julian Huppert|Aidan Burley|Julian Brazier|John Stevenson|Tom Brake|Rebecca Harris|Mel Stride|Daniel Poulter|Stephen Dorrell|Tracey Crouch|Mark Hunter|Simon Burns|Greg Hands|Martin Horwood|Cheryl Gillan|Toby Perkins|Andrew Tyrie|Iain Duncan Smith|Duncan Hames|Theresa Villiers|Lindsay Hoyle|Christopher Chope|Mark Field|Stephen Mosley|Roberta Blackman-Woods|Douglas Carswell|Martin Vickers|Bob Russell|Jason McCartney|Fiona Bruce|Jamie Reed|Andy Sawford|Bob Ainsworth|Geoffrey Robinson|Jim Cunningham|Henry Smith|Edward Timpson|Gavin Barwell|Steve Reed|Richard Ottaway|Jon Cruddas|Jenny Chapman|Gareth Johnson|Chris Heaton-Harris|Andrew Gwynne|Chris Williamson|Margaret Beckett|Patrick McLoughlin|Claire Perry|Simon Reevell|Caroline Flint|Rosie Winterton|Edward Miliband|Charlie Elphicke|Ian Austin|Chris Kelly|Tessa Jowell|Angie Bray|Stephen Pound|Virendra Sharma|Grahame M. Morris|Hugo Swire|Stephen Timms|Damian Hinds|Sam Gyimah|Tim Loughton|Greg Knight|Stephen Lloyd|Mike Thornton|Stephen O'Brien|Andrew Love|Andrew Miller|Alec Shelbrooke|Clive Efford|Nick de Bois|David Burrowes|Eleanor Laing|Chris Grayling|Jessica Lee|Teressa Pearce|Dominic Raab|Ben Bradshaw|Mark Hoban|Hugh Robertson|Seema Malhotra|Jack Lopresti|Mike Freer|Damian Collins|Mark Harper|Mark Menzies|Edward Leigh|Maria Eagle|Ian Mearns|Vernon Coaker|Rehman Chishti|Richard Graham|Caroline Dinenage|Nick Boles|Adam Holloway|Austin Mitchell|Brandon Lewis|Nick Raynsford|Anne Milton|Diane Abbott|Meg Hillier|James Morris|Linda Riordan|David Davis|Derek Twigg|Andy Slaughter|Glenda Jackson|Edward Garnier|Robert Halfon|Andrew Jones|Bob Blackman|Gareth Thomas|Iain Wright|Bernard Jenkin|Amber Rudd|David Willetts|John McDonnell|Andrew Stunell|Mike Penning|Jon Trickett|Matthew Offord|John Howell|Jesse Norman|Mark Prisk|James Clappison|Guy Opperman|Jim Dobbin|Andrew Bingham|Peter Lilley|Frank Dobson|Angela Watkinson|Lynne Featherstone|Francis Maude|Bridget Phillipson|Mike Weatherley|Barry Sheerman|Jonathan Djanogly|Graham Jones|Lee Scott|Mike Gapes|Ben Gummer|Andrew Turner|Jeremy Corbyn|Emily Thornberry|Stephen Hepburn|Kris Hopkins|Jeremy Wright|Malcolm Rifkind|Philip Hollobone|Edward Davey|Karl Turner|Diana Johnson|Alan Johnson|Chris Skidmore|,George Howarth|Eric Ollerenshaw|Hilary Benn|George Mudie|Fabian Hamilton|Greg Mulholland|Rachel Reeves|Keith Vaz|Jonathan Ashworth|Liz Kendall|Andy Burnham|Norman Baker|Heidi Alexander|Jim Dowd|Dame Joan Ruddock|John Cryer|Michael Fabricant|Karl McCartney|Louise Ellman|Steve Rotheram|Luciana Berger|Stephen Twigg|Nicky Morgan|Peter Tapsell|Philip Dunne|Kelvin Hopkins|Gavin Shuker|David Rutley|Theresa May|Helen Grant|Yvonne Fovargue|John Whittingdale|Lucy Powell|Gerald Kaufman|John Leech|Alan Meale|George Hollingbery|Caroline Spelman|Nadine Dorries|Pauline Latham|Annette Brooke|George Freeman|Nicholas Soames|Peter Luff|Andy McDonald|Tom Blenkinsop|Mark Lancaster|Iain Stewart|Siobhain McDonagh|Paul Beresford|David Morris|Ed Balls|Julian Lewis|Desmond Swayne|Robert Jennick|Richard Benyon|Chi Onwurah|Nicholas Brown|Catherine McKinnell|Paul Farrelley|Anne Marie Morris|Yvette Cooper|Dan Rogerson|Nick Harvey|Robert Walter|Kevan Jones|Alistair Burt|Stephen Barclay|Natascha Engel|James Arbuthnot|Oliver Heald|Jacob Rees-Mogg|Bill Wiggin|Norman Lamb|Owen Paterson|Liam Fox|Justin Tomlinson|Roger Gale|Mary Glindon|Dan Byles|Shailesh Vara|Pat Glass|George Young|Andrew Bridgen|Henry Bellingham|James Gray|Michael Ellis|Brian Binley|Chloe Smith|Simon Wright|Chris Leslie|Graham Allen|Lilian Greenwood|Marcus Jones|James Brokenshire|Debbie Abrahams|Michael Meacher|Joseph Johnson|Andrew Smith|Nicola Blackwood|Andrew Stephenson|Angela Smith|Rory Stewart|Stewart Jackson|Alison Seabeck|Oliver Colvile|Robert Syms|Jim Fitzpatrick|Penny Mordaunt|Mike Hancock|Mark Hendrick|Stuart Andrew|Justine Greening|Mark Francois|Rob Wilson|Alok Sharma|Ian Swales|Karen Lumley|Crispin Blunt|Nigel Evans|William Hague|Zac Goldsmith|Simon Danczuk|Mark Reckless|James Duddridge|Andrew Rosindell|Caroline Nokes|Jake Berry|Kevin Barron|Sarah Champion|Mark Pawsey|Nick Hurd|Philip Hammond|Kenneth Clarke|Alan Duncan|Alan Haselhurst|Hazel Blears|John Glen|Robert Goodwill|Nic Dakin|Phil Wilson|Bill Esterson|Nigel Adams|Michael Fallon|Paul Blomfield|Clive Betts|David  Blunkett|Nick Clegg|Meg Munn|Mark Spencer|Philip Davies|Daniel Kawczynski|Gordon Henderson|Julian Smith|Stephen Phillips|Fiona Mactaggart|Lorely Burt|David Heath|Stephen Metcalfe|Andrew Lansley|Heather Wheeler|Richard Drax|James Paice|Sheryll Murray|John Hayes|Andrew Robathan|Richard Bacon|Andrea Leadsom|Lorraine Fullbrook|Emma Lewell-Buck|Gavin Williamson|Tim Yeo|Robert Buckland|Laura Sandys|Andrew Selous|Gary Streeter|David Gauke|Elizabeth Truss|Jeremy Hunt|Andrew Murrison|John Denham|Alan Whitehead|David Amess|John Pugh|Kwasi Kwarteng|Anne Main|Stephen Gilbert|Dave Watts|Shaun Woodward|Andrew George|Jeremy Lefroy|Karen Bradley|Jonathan Reynolds|Stephen McPartland|Ann Coffey|Alex Cunningham|James Wharton|Tristram Hunt|Joan Walley|Robert Flello|William Cash|Margot James|Nadhim Zahawi|Chuka Umunna|Kate Green|Neil Carmichael|Thrse  Coffey|Julie Elliott|Michael Gove|Paul Burstow|Andrew Mitchell|Christopher Pincher|George Osborne|Jeremy Browne|David Wright|Laurence Robertson|Geoffrey Clifton-Brown|Mark Pritchard|Anne McIntosh|Steve Webb|Jackie Doyle-Price|Neil Parish|John Stanley|Sadiq Khan|Adrian Sanders|Geoffrey Cox|Sarah Wollaston|David Lammy|Sarah Newton|Greg Clark|Vince Cable|Alan Campbell|John Randall|Kate Hoey|Mary Creagh|Angela Eagle|David Winnick|Valerie Vaz|Stella Creasy|Ian Lavery|Edward Vaizey|John Spellar|Helen Jones|David Mowat|Chris White|Sharon Hodgson|Richard Harrington|Peter Aldous|Charles Hendry|Graham Evans|Peter Bone|Tessa Munt|Grant Shapps|John Healey|Tom Watson|Adrian Bailey|Oliver Letwin|Lyn Brown|Rosie Cooper|Matthew Hancock|Harriett Baldwin|Karen Buck|Tim Farron|John Penrose|Lisa Nandy|Stephen Hammond|Steve Brine|Adam Afriyie|Alison McGovern|Esther McVey|Priti Patel|David Cameron|Jonathan Lord|John Redwood|Emma Reynolds|Pat McFadden|Paul Uppal|Robin Walker|Tony Cunningham|Barbara Keeley|Peter Bottomley|Steve Baker|Ben Wallace|Mark Garnier|Mike Kane|David Laws|Hugh Bayley|Julian Sturdy|Albert Owen|David Hanson|Mark Tami|Ian Lucas|Nia Griffith|Martin Caton|Geraint Davies|Sin C. James|Hywel Francis|Jenny Willott|Jonathan Evans|Chris Bryant|Paul Murphy|David T. C. Davies|Jessica Morden|Paul Flynn|Hywel Williams|Guto Bebb|David Jones|Chris Ruane|Elfyn Llwyd|Susan Elan Jones|Glyn Davies|Mark Williams|Stephen Crabb|Simon Hart|Jonathan Edwards|Roger Williams|Peter Hain|Ann Clwyd|Dai Havard|Nick Smith|Madeleine Moon|Huw Irranca-Davies|Owen Smith|Wayne David|Chris Evans|Alun Cairns|Kevin Brennan|Stephen Doughty|Frank Doran|Anne Begg|Pamela Nash|Mike Weir|Alan Reid|Sandra Osborne|Eilidh Whiteford|Michael Moore|John Thurso|Brian H. Donohoe|Tom Clarke|Gregg McClymont|Russell Brown|David Mundell|Stewart Hosie|Jim McGovern|Thomas Docherty|Jo Swinson|Michael McCann|Fiona O'Donnell|Jim Murphy|Sheila Gilmore|Mark Lazarowicz|Ian Murray|Alistair Darling|Mike Crockart|Eric Joyce|Anas Sarwar|Margaret Curran|Ann McKechin|William Bain|John Robertson|Tom Harris|Ian Davidson|Lindsay Roy|Malcom Bruce|Iain McKenzie|Danny Alexander|Cathy Jamieson|Gordon Brown|Jim Hood|Michael Connarty|Graeme Morrice|David Hamilton|Angus Robertson|Frank Roy|Angus Brendan MacNeil|Katy Clark|Menzies Campbell|Gordon Banks|Alistair Carmichael|Jim Sheridan|Douglas Alexander|Pete Wishart|Charles Kennedy|Tom Greatrex|Anne McGuire|Robert Smith|Gemma Doyle",632,8754
97,Get a lot worse|Get a little worse|Stay the same|Get a little better|Get a lot better,5,85
98,Getting a lot lower|Getting a little lower|Staying about the same|Getting a little higher|Getting a lot higher,5,110
99,Getting a lot worse|Getting a little worse|Staying about the same|Getting a little better|Getting a lot better,5,110
100,Good for Britain|Neither good nor bad for Britain|Bad for Britain,3,65
101,Good thing|Bad thing,2,20
102,Got a lot worse|Got a little worse|Stayed the same|Got a little better|Got a lot better,5,87
103,Government should try to make incomes equal|1.0|2.0|3.0|4.0|5.0|6.0|7.0|8.0|9.0|Government should be less concerned about equal incomes,11,135
104,Hardly any|A little|A lot,3,25
105,Health|Pensions|Infrastructure: Roads and Public Transport|Environmental Policy|Defence,5,87
106,I am not religious|Never or practically never|Less often than once a year|Less often but at least once a year|Less often but at least twice a year|Less often but at least once a month|Less often but at least once in two weeks|Once a week or more,8,245
107,I am very unsure what would happen|I am quite unsure what would happen|I am quite sure what would happen|I am very sure what would happen,4,137
108,I did not have employees|I had employees,2,40
109,I do not have employees|I have employees,2,40
110,I live *and* work there|I just live there|I just work there|I neither live nor work there,4,89
111,I voted 'No' (Scotland should not be an independent country)|I voted 'Yes' (Scotland should be an independent country),2,118
112,Immediately on arrival|After living in GB for a year|After they have worked and paid taxes for at least four years|After they become a British citizen|Never,5,156
113,Immigration|Economy|Foreign policy|British/english identity|Protection of rights|Sovereignty/EU bureaucracy|Cosmopolitanism|Campaign/outcome fairness|Social identity/partisanship|EU integration/stability|Family|EU spending/regulations/cost|Other stability or uncertainty concern|No content to reason,14,299
114,Independence|Respect for elders,2,31
115,Independence referendum was conducted fairly|2.0|3.0|4.0|Independence referendum was conducted unfairly,5,103
116,Infrastructure: Roads and Public Transport|Health|Social Security|Research and Development|Environmental Policy,5,111
117,Issue stated|None,2,17
118,Issue stated|Nothing,2,20
119,It is completely unnecessary|It is not necessary but it would be desirable|It is important but not  absolutely  necessary|It is completely necessary,4,148
120,It should have many fewer powers than it does now|It should have fewer powers than it does now|It should have about the same powers as it does now|It should have some more powers|It should have many more powers,5,210
121,It will lose many powers|It will lose some powers|It will neither gain nor lose any powers|It will get some more powers|It will get many more powers,5,148
122,John Robertson|Mary Davies|Susan Stewart|David Johnston|Correct name|Salaam Fadhil,6,82
123,Labour|Conservative|Liberal Democrat|Plaid Cymru|Green Party|United Kingdom Independence Party (UKIP)|Other party,7,113
124,Labour|Conservative|Liberal Democrat|SNP|Plaid Cymru|Greens|UKIP|BNP|They do not vote,9,85
125,Labour Party|Conservative Party,2,31
126,Larger|About the same|Smaller,3,29
127,Leave the European Union|Stay in EU and reduce EU??s powers|Leave things as they are|Stay in EU and increase EU??s powers|Work towards single European government|Don??t know,6,173
128,Left|0.5|1.0|1.5|2.0|2.5|3.0|3.5|4.0|4.5|5.0|5.5|6.0|6.5|7.0|7.5|8.0|8.5|9.0|9.5|Right,21,86
129,Left|1.0|2.0|3.0|4.0|5.0|6.0|7.0|8.0|9.0|Right,11,46
130,Left handed|Right handed|Both/neither,3,37
131,Less than a year|One to five years|Six to ten years|More than ten years,4,71
132,Libertarian|0.5|1.0|1.5|2.0|2.5|3.0|3.5|4.0|4.5|5.0|5.5|6.0|6.5|7.0|7.5|8.0|8.5|9.0|9.5|Authoritarian,21,101
133,Mainly remain|Fairly evenly divided|Mainly leave,3,48
134,Mainly remain|Fairly evenly split|Mainly leave,3,46
135,Male|Female,2,11
136,Many fewer|1.0|2.0|3.0|4.0|5.0|6.0|7.0|8.0|9.0|Many more,11,56
137,Many fewer powers|Fewer powers|About the same power as now|More powers|Many more powers,5,87
138,Many more of them are Labour than Conservative|Slightly more of them are Labour than Conservative|They are evenly split|Slightly more of them are Conservative than Labour|Many more of them are Conservative than Labour,5,217
139,Many more of them are UKIP than Conservative|Slightly more of them are UKIP than Conservative|They are evenly split|Slightly more of them are Conservative than UKIP|Many more of them are Conservative than UKIP,5,209
140,Married|Living as married|Separated (after being married)|Divorced|Widowed|Never married|Civil Partnership,7,106
141,More than 102|Exactly 102|Less than 102|Don?t know,4,50
142,More than today|Exactly the same as today|Less than today|Don?t know,4,68
143,Most common reason|Second most common reason|Least common reason,3,64
144,Most people can be trusted|Can??t be too careful|Don??t know,3,60
145,Much larger|Somewhat larger,2,27
146,Much less diverse|Somewhat less diverse|About the same|Somewhat more diverse|Much more diverse,5,94
147,Much less likely|Less likely|About as likely|More likely|Much more likely,5,73
148,Much less than its fair share|A little less than its fair share|More or less its fair share|A little more than its fair share|Much more than its fair share,5,155
149,Much lower|Lower|About the same|Higher|Much higher,5,50
150,Much smaller|Somewhat smaller,2,29
151,Much too high|Too high|About right|Too low|Much too low,5,55
152,Much worse|Worse|About the same|Better|Much better,5,50
153,Much worse|Worse|About the same|Better|Much better|Don??t know,6,62
154,Much worse|Worse|Slightly worse|About the same|Slightly better|Better|Much better,7,81
155,My father|My mother|Someone else|No one in my house worked,4,58
156,Never|Rarely|Sometimes|Very often,4,33
157,Never acceptable|Rarely acceptable|Usually acceptable|Completely acceptable,4,75
158,No,1,2
159,No|Yes,2,6
160,No|Yes|Don't follow politics on facebook,3,40
161,No|Yes - at $postcode_hidden|Yes - another address,3,50
162,"No|Yes, but not fluently|Yes, fluently",3,38
163,"No|Yes, middle class|Yes, working class",3,39
164,No control at all|A little control|Some control|A lot of control|Complete control,5,81
165,"No formal qualifications|Youth training certificate/skillseekers|Recognised trade apprenticeship completed|Clerical and commercial|City and Guild certificate|City and Guild certificate - advanced|onc|CSE grades 2-5|CSE grade 1, GCE O level, GCSE, School Certificate|Scottish Ordinary/ Lower Certificate|GCE A level or Higher Certificate|Scottish Higher Certificate|Nursing qualification (eg SEN, SRN, SCM, RGN)|Teaching qualification (not degree)|University diploma|University or CNAA first degree (eg BA, B.Sc, B.Ed)|University or CNAA higher degree (eg M.Sc, Ph.D)|Other technical, professional or higher qualification",18,620
166,No impact at all|A small impact|A moderate impact|A large impact|A very large impact,5,84
167,No influence at all|Not very much influence|Some influence|Quite a lot of influence|A great deal of influence,5,109
168,"No limit at all|7,500|20,000|50,000|100,000|500,000",6,51
169,No party is best able to handle this issue|Conservative|Labour|Liberal Democrat|Scottish National Party (SNP)|Plaid Cymru|United Kingdom Independence Party (UKIP)|Green Party|British National Party (BNP)|Other party,10,215
170,No party is best able to handle this issue|Conservative|Labour|Liberal Democrat|Scottish National Party (SNP)|Plaid Cymru|United Kingdom Independence Party (UKIP)|Green Party|Other party,9,186
171,"No problem|unemployment|nhs|immigration|economy general|international probs|politics-neg|housing|poverty, living stds|services-spending|social inequalities|environment|education|welfare fraud|europe|election outcome|terrorism|crime|scot const|aging population|consumer debt|national security|civil liberties|class difference|taxation|pensions|youth|inflation|flooding|iraq war|constitutional",31,391
172,"No problem|unemployment|nhs|immigration|economy general|international probs|politics-neg|housing|poverty, living stds|services-spending|social inequalities|environment|education|welfare fraud|europe|election outcome|terrorism|crime|scot const|aging population|consumer debt|national security|civil liberties|class difference|taxation|pol values-left|pensions|inflation|iraq war|constitutional|energy",31,399
173,"No problem|unemployment|nhs|immigration|economy general|international probs|politics-neg|housing|poverty, living stds|services-spending|social inequalities|environment|education|welfare fraud|europe|election outcome|terrorism|crime|scot const|aging population|consumer debt|national security|civil liberties|class difference|taxation|pol values-left|pensions|youth|inflation|flooding|iraq war|constitutional|energy",33,414
174,"No problem|unemployment|nhs|immigration|economy general|international probs|politics-neg|housing|poverty, living stds|services-spending|social inequalities|environment|education|welfare fraud|europe|election outcome|terrorism|crime|scot const|aging population|consumer debt|national security|civil liberties|taxation|pol values-left|pensions|inflation|flooding|iraq war|constitutional",30,384
175,"No problem|unemployment|nhs|immigration|economy general|international probs|politics-neg|housing|poverty, living stds|services-spending|social inequalities|environment|education|welfare fraud|europe|election outcome|terrorism|crime|scot const|aging population|consumer debt|national security|civil liberties|taxation|pol values-left|pensions|youth|inflation|flooding|iraq war|constitutional|energy",32,397
176,"No problem|unemployment|nhs|immigration|economy general|politics-neg|housing|poverty, living stds|services-spending|social inequalities|environment|education|welfare fraud|europe|election outcome|terrorism|crime|scot const|consumer debt|national security|class difference",21,271
177,No qualifications|GCSE D-G|GCSE A*-C|A-level|Undergraduate|Postgrad,6,67
178,No social desirability items chosen|1 item chosen|2 items chosen|3 items chosen|4 items chosen,5,94
179,No trust|2.0|3.0|4.0|5.0|6.0|A great deal of trust,7,50
180,"No, I did not vote|Yes, I voted",2,31
181,"No, I do not know any such person|Yes, I know such a person and could reach them by the internet|Yes, I know such a person and could reach them in other ways|Yes, I know such a person and could reach them by internet and in other ways",4,234
182,"No, I do not regard myself as belonging to any particular religion.|Yes - Church of England/Anglican/Episcopal|Yes - Roman Catholic|Yes - Presbyterian/Church of Scotland|Yes - Methodist|Yes - Baptist|Yes - United Reformed Church|Yes - Free Presbyterian|Yes - Brethren|Yes - Judaism|Yes - Hinduism|Yes - Islam|Yes - Sikhism|Yes - Buddhism|Yes - Other|Yes - Orthodox Christian|Yes - Pentecostal|Yes - Evangelical /independent/non-denominational",18,442
183,"No, I have never attended higher education|Yes, I am currently enrolled in higher education|Yes, but I didn??t complete higher education|Yes, I graduated from higher education",4,175
184,"No, I have never been a member|I am not a member now but I used to be|Yes, I am a member of a party",3,99
185,"No, I have never worked|Yes, I have done paid work in the past",2,62
186,"No, I haven't received any letter|Yes, I was told I have to re-register|Yes, I was told I do not have to do anything",3,116
187,"No, I think they *will not* vote|Yes, I think they *will* vote",2,62
188,"No, did not vote|Yes, voted",2,27
189,None|Church of England/Anglican/Episcopal|Roman Catholic|Presbyterian/Church of Scotland|Methodist|Baptist|United Reformed Church|Free Presbyterian|Brethren|Jewish|Hindu|Islam/Muslim|Sikh|Buddhist,14,196
190,"None|City of London|Barking and Dagenham|Barnet|Bexley|Brent|Bromley|Camden|Croydon|Ealing|Enfield|Greenwich|Hackney|Hammersmith and Fulham|Haringey|Harrow|Havering|Hillingdon|Hounslow|Islington|Kensington and Chelsea|Kingston upon Thames|Lambeth|Lewisham|Merton|Newham|Redbridge|Richmond upon Thames|Southwark|Sutton|Tower Hamlets|Waltham Forest|Wandsworth|Westminster|Bolton|Bury|Manchester|Oldham|Rochdale|Salford|Stockport|Tameside|Trafford|Wigan|Knowsley|Liverpool|St. Helens|Sefton|Wirral|Barnsley|Doncaster|Rotherham|Sheffield|Gateshead|Newcastle upon Tyne|North Tyneside|South Tyneside|Sunderland|Birmingham|Coventry|Dudley|Sandwell|Solihull|Walsall|Wolverhampton|Bradford|Calderdale|Kirklees|Leeds|Wakefield|Hartlepool|Middlesbrough|Redcar and Cleveland|Stockton-on-Tees|Darlington|County Durham|Northumberland|Cheshire East|Halton|Warrington|Cheshire West and Chester|Blackburn with Darwen|Blackpool|Kingston upon Hull, City of|East Riding of Yorkshire|North East Lincolnshire|North Lincolnshire|York|Derby|Leicester|Rutland|Nottingham|Herefordshire, County of|Telford and Wrekin|Shropshire|Stoke-on-Trent|Bath and North East Somerset|Bristol, City of|North Somerset|South Gloucestershire|Cornwall|Plymouth|Torbay|Bournemouth|Poole|Swindon|Wiltshire|Peterborough|Luton|Bedford|Central Bedfordshire|Southend-on-Sea|Thurrock|Medway|Bracknell Forest|West Berkshire|Reading|Slough|Windsor and Maidenhead|Wokingham|Milton Keynes|Brighton and Hove|Portsmouth|Southampton|Isle of Wight|Isle of Anglesey|Gwynedd|Conwy|Denbighshire|Flintshire|Wrexham|Powys|Ceredigion|Pembrokeshire|Carmarthenshire|Swansea|Neath Port Talbot|Bridgend|The Vale of Glamorgan|Rhondda, Cynon, Taff|Merthyr Tydfil|Caerphilly|Blaenau Gwent|Torfaen|Monmouthshire|Newport|Cardiff|Aberdeen City|Aberdeenshire|Angus|Argyll & Bute|Scottish Borders|Clackmannanshire|West Dunbartonshire|Dumfries & Galloway|Dundee City|East Ayrshire|East Dunbartonshire|East Lothian|East Renfrewshire|Edinburgh, City of|Falkirk|Fife|Glasgow City|Highland|Inverclyde|Midlothian|Moray|North Ayrshire|North Lanarkshire|Orkney Islands|Perth & Kinross|Renfrewshire|Shetland Islands|South Ayrshire|South Lanarkshire|Stirling|West Lothian|Eilean Siar|Aylesbury Vale|Chiltern|South Bucks|Wycombe|Cambridge|East Cambridgeshire|Fenland|Huntingdonshire|South Cambridgeshire|Allerdale|Barrow-in-Furness|Carlisle|Copeland|Eden|South Lakeland|Amber Valley|Bolsover|Chesterfield|Derbyshire Dales|Erewash|High Peak|North East Derbyshire|South Derbyshire|East Devon|Exeter|Mid Devon|North Devon|South Hams|Teignbridge|Torridge|West Devon|Christchurch|East Dorset|North Dorset|Purbeck|West Dorset|Weymouth and Portland|Eastbourne|Hastings|Lewes|Rother|Wealden|Basildon|Braintree|Brentwood|Castle Point|Chelmsford|Colchester|Epping Forest|Harlow|Maldon|Rochford|Tendring|Uttlesford|Cheltenham|Cotswold|Forest of Dean|Gloucester|Stroud|Tewkesbury|Basingstoke and Deane|East Hampshire|Eastleigh|Fareham|Gosport|Hart|Havant|New Forest|Rushmoor|Test Valley|Winchester|Broxbourne|Dacorum|East Hertfordshire|Hertsmere|North Hertfordshire|St Albans|Stevenage|Three Rivers|Watford|Welwyn Hatfield|Ashford|Canterbury|Dartford|Dover|Gravesham|Maidstone|Sevenoaks|Shepway|Swale|Thanet|Tonbridge and Malling|Tunbridge Wells|Burnley|Chorley|Fylde|Hyndburn|Lancaster|Pendle|Preston|Ribble Valley|Rossendale|South Ribble|West Lancashire|Wyre|Blaby|Charnwood|Harborough|Hinckley and Bosworth|Melton|North West Leicestershire|Oadby and Wigston|Boston|East Lindsey|Lincoln|North Kesteven|South Holland|South Kesteven|West Lindsey|Breckland|Broadland|Great Yarmouth|King's Lynn and West Norfolk|North Norfolk|Norwich|South Norfolk|Corby|Daventry|East Northamptonshire|Kettering|Northampton|South Northamptonshire|Wellingborough|Craven|Hambleton|Harrogate|Richmondshire|Ryedale|Scarborough|Selby|Ashfield|Bassetlaw|Broxtowe|Gedling|Mansfield|Newark and Sherwood|Rushcliffe|Cherwell|Oxford|South Oxfordshire|Vale of White Horse|West Oxfordshire|Mendip|Sedgemoor|South Somerset|Taunton Deane|West Somerset|Cannock Chase|East Staffordshire|Lichfield|Newcastle-under-Lyme|South Staffordshire|Stafford|Staffordshire Moorlands|Tamworth|Babergh|Forest Heath|Ipswich|Mid Suffolk|St Edmundsbury|Suffolk Coastal|Waveney|Elmbridge|Epsom and Ewell|Guildford|Mole Valley|Reigate and Banstead|Runnymede|Spelthorne|Surrey Heath|Tandridge|Waverley|Woking|North Warwickshire|Nuneaton and Bedworth|Rugby|Stratford-on-Avon|Warwick|Adur|Arun|Chichester|Crawley|Horsham|Mid Sussex|Worthing|Bromsgrove|Malvern Hills|Redditch|Worcester|Wychavon|Wyre Forest|Newry and Mourne|Antrim|not used",383,4580
191,None of these|I always vote that way|I thought it was the best party|I thought that party had the best candidate|I really preferred another party but it had no chance of winning in this constituency,5,198
192,"None, no time at all|Less than 1/2 hour|1/2 hour to 1 hour|1 to 2 hours|More than 2 hours",5,89
193,None/ No leader|David Cameron|Ed Miliband|Nick Clegg|Nicola Sturgeon|Leanne Wood|Nigel Farage|Natalie Bennett,8,109
194,North East|North West,2,21
195,North East|North West|Yorkshire and the Humber|East Midlands|West Midlands|East of England|London|South East|South West|Wales|Scotland|Northern Ireland,12,151
196,Not adopted|Partially adopted|Fully adopted,3,43
197,Not at all|Not very much|Somewhat|A great deal,4,46
198,Not at all British|2.0|3.0|4.0|5.0|6.0|Very strongly British,7,60
199,Not at all English|2.0|3.0|4.0|5.0|6.0|Very strongly English,7,60
200,Not at all European|2.0|3.0|4.0|5.0|6.0|Very strongly European,7,62
201,Not at all Scottish|2.0|3.0|4.0|5.0|6.0|Very strongly Scottish,7,62
202,Not at all Welsh|2.0|3.0|4.0|5.0|6.0|Very strongly Welsh,7,56
203,Not at all certain|2.0|3.0|4.0|5.0|6.0|Completely certain,7,57
204,Not at all certain|Somewhat certain|Very certain,3,48
205,Not at all confident|Not very confident|Fairly confident|Very confident,4,71
206,Not at all interested|Not very interested|Somewhat interested|Very interested,4,77
207,Not at all strongly|Not very strongly|Fairly strongly|Very strongly,4,67
208,Not certain at all|2.0|3.0|4.0|5.0|6.0|Completely certain,7,57
209,Not gone nearly far enough|Not gone far enough|About right|Gone too far|Gone much too far,5,89
210,Not kept|Partially kept|Fully kept,3,34
211,Nothing in common|1.0|2.0|3.0|4.0|5.0|6.0|7.0|8.0|9.0|A great deal in common,11,76
212,Obedience|Self-reliance,2,23
213,Of no importance at all|Of little importance|Of some importance|Of great importance,4,83
214,"Only by increasing taxes|Mainly by increasing taxes, but also by cutting spending|An equal balance of spending cuts and tax increases|Mainly by cutting spending, but with some tax increases|Only by cutting spending",5,214
215,"Own outright|Own with a mortgage|Own (part-own) through shared ownership scheme (i.e. pay part mortgage, part rent)|Rent from a private landlord|Rent from my local authority|Rent from a housing association|Neither I live with my parents, family or friends but pay some rent to them|Neither I live rent-free with my parents, family or friends",8,341
216,Pay more than they get|2.0|3.0|4.0|5.0|6.0|Get more than they pay,7,65
217,Pay no attention|1.0|2.0|3.0|4.0|5.0|6.0|7.0|8.0|9.0|Pay a great deal of attention,11,82
218,Pensions|Environmental Policy|Foreign Aid|Education|Research and Development,5,76
219,"Poorest quarter (personal income less than 15,200 per year)|Lower-middle quarter (personal income 15,200 to 22,200 per year)|Upper-middle quarter (personal income 22,200 to 34,500 per year)|Richest quarter (personal income more than 34,500 per year)",4,249
220,President of Russia|Chancellor of Germany|Prime Minister of Italy|President of Syria|President of Turkey,5,104
221,"Professional or higher technical work / higher managerial - work that requires at least degree-level qualifications (e.g|Manager or Senior Administrator / intermediate managerial / professional (e.g. company director, finance manager, person|Clerical/junior managerial/professional/administrator (e.g. office worker, student doctor, sales person, clerk, secretar|Sales or Services (e.g. commercial traveller, shop assistant, nursery nurse, care assistant, paramedic)|Foreman or Supervisor of Other Workers (e.g. building site foreman, supervisor of cleaning workers)|Skilled Manual Work (e.g. plumber, electrician, fitter)|Semi-Skilled or Unskilled Manual Work (e.g. machine operator, assembler, postman, waitress, cleaner, labourer, driver, b|Have never worked",8,761
222,Ranked first|Ranked second|Ranked third|Ranked fourth|Ranked fifth,5,66
223,Same ethnicity|Different ethnicity,2,34
224,Scotland should remain part of the UK|Scotland should become an independent country,2,83
225,Scottish Labour|Scottish Conservative|Scottish Liberal Democrat|Scottish National Party (SNP)|Scottish Green Party|United Kingdom Independence Party (UKIP),6,155
226,Self-employed/independent contractor|An employee,2,48
227,Should definitely be illegal|Should probably be illegal|Should probably be legal|Should definitely be legal,4,107
228,Should definitely stay in the union|2.0|3.0|4.0|5.0|6.0|Should definitely become independent,7,92
229,Social Security|Research and Development|Pensions|Defence|Foreign Aid,5,69
230,Stay/remain in the EU|Leave the EU,2,34
231,Strongly disagree|Disagree|Agree|Strongly agree,4,47
232,Strongly disagree|Disagree|Neither agree nor disagree|Agree|Strongly agree,5,74
233,Strongly disapprove|Disapprove,2,30
234,Strongly disapprove|Disapprove|Neither approve nor disapprove|Approve|Strongly approve,5,86
235,Strongly dislike|1.0|2.0|3.0|4.0|5.0|6.0|7.0|8.0|9.0|Strongly like,11,66
236,Taxes collected across the UK as a whole|Taxes collected in Scotland only,2,73
237,That one party get more than half the seats in parliament so it can govern on its own|That every party's percentage of seats in parliament is the same as their percentage of the vote,2,182
238,The Conservative candidate|The Labour candidate|The Liberal Democrat candidate|The Plaid Cymru candidate|The UKIP candidate|The Green candidate|Any other candidate,7,163
239,The Express|The Daily Mail / The Scottish Daily Mail|The Mirror / Daily Record|The Daily Star / The Daily Star of Scotland|The Sun|The Daily Telegraph|The Financial Times|The Guardian|The Independent|The Times|The Scotsman|The Herald (Glasgow)|The Western Mail|Other local daily morning newspaper|Other Newspaper|None,16,317
240,The Scottish Parliament|The UK Parliament,2,41
241,The Welsh Assembly|The UK Parliament,2,36
242,The decision will be final|There might be a second referendum,2,61
243,The remain side|The leave side,2,30
244,There is a great difference between them|There is some difference|There is not much difference between them,3,107
245,"There should be no devolved government in Wales|The National Assembly for Wales should have fewer powers|We should leave things as they are now|The National Assembly for Wales should have more powers|Wales should become independent, separate from the UK",5,253
246,To be considerate|To be well-behaved,2,36
247,To remain a member of the European Union|To leave the European Union|Don??t know,3,80
248,True|False,2,10
249,Under 18|18-25|26-35|36-45|46-55|56-65|66+,7,42
250,Undermines cultural life|2.0|3.0|4.0|5.0|6.0|Enriches cultural life,7,67
251,Unification has already gone too far|1.0|2.0|3.0|4.0|5.0|6.0|7.0|8.0|9.0|Unification should be pushed further,11,109
252,Unite fully with the European Union|1.0|2.0|3.0|4.0|5.0|6.0|7.0|8.0|9.0|Protect our independence,11,96
253,United States Secretary of State|President of France|Prime Minister of Israel|Secretary General of the United Nations|Prime Minister of Canada,5,142
254,Very aware|Fairly aware|Not very aware|Not aware at all,4,55
255,Very bad|Bad|Neither good nor bad|Good|Very good,5,48
256,Very badly|1.0|2.0|3.0|4.0|5.0|6.0|7.0|8.0|9.0|Very well,11,56
257,Very badly|Fairly badly|Neither well nor badly|Fairly well|Very well,5,68
258,Very cold|1.0|2.0|3.0|4.0|5.0|6.0|7.0|8.0|9.0|10.0|11.0|12.0|13.0|14.0|15.0|16.0|17.0|18.0|19.0|20.0|21.0|22.0|23.0|24.0|25.0|26.0|27.0|28.0|29.0|30.0|31.0|32.0|33.0|34.0|35.0|36.0|37.0|38.0|39.0|40.0|41.0|42.0|43.0|44.0|45.0|46.0|47.0|48.0|49.0|50.0|51.0|52.0|53.0|54.0|55.0|56.0|57.0|58.0|59.0|60.0|61.0|62.0|63.0|64.0|65.0|66.0|67.0|68.0|69.0|70.0|71.0|72.0|73.0|74.0|75.0|76.0|77.0|78.0|79.0|80.0|81.0|82.0|83.0|84.0|85.0|86.0|87.0|88.0|89.0|90.0|91.0|92.0|93.0|94.0|95.0|96.0|97.0|98.0|Very warm,100,500
259,Very dissatisfied|A little dissatisfied|Fairly satisfied|Very satisfied,4,71
260,Very dissatisfied|Fairly dissatisfied|Neither satisfied nor dissatisfied|Fairly satisfied|Very satisfied,5,104
261,Very divided|Fairly divided|Neither united nor divided|Fairly united|Very united,5,80
262,Very low|Quite low|Neither high nor low|Quite High|Very high,5,60
263,Very satisfied|Satisfied|Neither satisfied nor dissatisfied|Dissatisfied|Very dissatisfied,5,90
264,Very strong|Fairly strong|Not very strong,3,41
265,Very unhappy|Somewhat unhappy|A little unhappy|Indifferent|A little happy|Somewhat happy|Very happy,7,99
266,Very unhappy|Somewhat unhappy|Neither happy nor unhappy|Somewhat happy|Very happy,5,81
267,Very unlikely|1.0|2.0|3.0|4.0|5.0|6.0|7.0|8.0|9.0|Very likely,11,61
268,Very unlikely|Fairly unlikely|Neither likely nor unlikely|Fairly likely|Very likely,5,83
269,Very unlikely that I vote|Fairly unlikely|Neither likely nor unlikely|Fairly likely|Very likely that I vote,5,107
270,Very unlikely that I will vote|Fairly unlikely|Neither likely nor unlikely|Fairly likely|Very likely that I will vote,5,117
271,Very unlikely that I would vote|Fairly unlikely|Neither likely nor unlikely|Fairly likely|Very likely that I would vote,5,119
272,Very unsuccessful|Fairly unsuccessful|Neither successful nor unsuccessful|Fairly successful|Very successful,5,107
273,Very unsuccessful|Somewhat unsuccessful|Neither successful or unsuccessful|Somewhat successful|Very successful,5,110
274,Very unsure|2.0|3.0|4.0|5.0|6.0|Very sure,7,41
275,Very unsure|Quite unsure|Quite sure|Very sure,4,45
276,Very unwilling to take risks|Somewhat unwilling to take risks|Somewhat willing to take risks|Very willing to take risks,4,119
277,Voted|Not voted|Insufficient information to validate|Ineligible,4,63
278,White British|Any other white background|White and Black Caribbean|White and Black African|White and Asian|Any other mixed background|Indian|Pakistani|Bangladeshi|Any other Asian background|Black Caribbean|Black African|Any other black background|Chinese|Other ethnic group,15,273
279,Will vote no|Will vote 'Yes',2,28
280,Working full time (30 or more hours per week)|Working part time (8-29 hours a week)|Working part time (Less than 8 hours a week)|Full time student|Retired|Unemployed|Not working,7,177
281,Working full time (30 or more hours per week)|Working part time (8-29 hours a week)|Working part time (less than 8 hours a week)|Unemployed and looking for work|Full time university student|Other full time student|Retired|Not in paid work for any other reason,8,259
282,Would do a bad job|2.0|3.0|4.0|5.0|6.0| Would do a good job,7,59
283,Would not join Conservatives|Would join Conservatives,2,53
284,Would not join Labour|Would join Labour,2,39
285,Yes - Leave|Yes - Remain|No - not decided,3,41
286,Yes - filled it in myself|No - someone else filled it in on my behalf|I am not aware of a registration form,3,107
287,"Yes, I voted|No, I did not vote|No, I was not eligible to vote",3,62
288,"Yes, decided|No, not decided yet",2,32
289,"Yes, limited a lot|Yes, limited a little|No",3,43
290,"Yes, middle class|Yes, working class",2,36
291,"Yes, received and read it|Yes, received but not read it",2,55
292,"Yes, the same amount as UK citizens|Yes, pegged to the cost of living where their children live|No, not at any level",3,116
293,"Yes, this would make them more likely to help|No, this would not make them more likely to help",2,94
294,"Yes, voted|No, did not vote|Don??t know",3,39
295,"Yes, voted|No, did not vote|Don?t know",3,38
296,Your spouse or partner|Another relative|A friend|A neighbour or co-worker,4,73
297,Zac Goldsmith (Conservative)|Sadiq Khan (Labour)|Caroline Pidgeon (Liberal Democrat)|Peter Whittle (UKIP)|Sian Berry (Green Party)|George Galloway (Respect)|Any other candidate|Will not choose a candidate,8,204
298,business owner|factory worker,2,29
299,graduated from university|left school at 16,2,43
300,"under 5,000 per year|5,000 to 9,999 per year|10,000 to 14,999 per year|15,000 to 19,999 per year|20,000 to 24,999 per year|25,000 to 29,999 per year|30,000 to 34,999 per year|35,000 to 39,999 per year|40,000 to 44,999 per year|45,000 to 49,999 per year|50,000 to 59,999 per year|60,000 to 69,999 per year|70,000 to 99,999 per year|100,000 and over",14,347
301,"under 5,000 per year|5,000 to 9,999 per year|10,000 to 14,999 per year|15,000 to 19,999 per year|20,000 to 24,999 per year|25,000 to 29,999 per year|30,000 to 34,999 per year|35,000 to 39,999 per year|40,000 to 44,999 per year|45,000 to 49,999 per year|50,000 to 59,999 per year|60,000 to 69,999 per year|70,000 to 99,999 per year|100,000 to 149,999 per year|150,000 and over",15,375
